"Y";"X1";"X2";"X3";"X4";"X5";"X6";"X7"
-554,814220673418;-299,3336;225,7983;41,7132;-540,1501;-157,0955;-1060,0704;"A"
-70,6498483792367;65,8633;9,1502;-8,6377;30,0526;-16,1918;-52,5743;"C"
-116,699229523672;-59,1938;102,9675;-56,6893;-123,9106;191,0921;-220,5596;"C"
-283,908148418282;-205,6508;137,164;263,7988;-96,4653;-134,6219;-683,0596;"B"
213,505675845858;213,6644;-60,1734;-110,8851;118,6574;105,538;346,4499;"C"
-484,37585401065;-312,3763;277,3694;227,3028;-481,7454;271,4521;-837,8072;"A"
-118,226115502305;-44,3579;260,8787;187,3798;-130,5976;156,5787;-886,7178;"C"
-381,537136257003;-235,1137;71,8619;-156,1709;-113,7013;-4,8008;-292,0301;"A"
-149,711540219352;7,9806;342,3487;214,2992;-140,2056;-138,3959;-1507,5724;"C"
-301,936458454463;-176,7942;223,904;-25,8496;-138,8879;-31,5187;-926,9164;"A"
-299,905589038446;-250,1329;87,5089;61,1937;-313,5158;-315,4311;-665,2484;"A"
-286,198976230472;-369,9233;257,7544;104,1422;-282,9458;-110,9687;-1141,768;"A"
-338,441593931137;-239,3768;318,1463;-21,7327;-291,0464;296,1322;-976,2347;"A"
-527,852448281594;-350,6096;69,1362;190,2197;-409,6037;-106,5309;-382,8574;"A"
-157,248260977593;-46,1289;-55,6683;167,7365;-116,6092;-61,122;161,7695;"C"
-202,738327218189;-121,9784;-204,1089;57,8084;64,8104;-85,5289;731,125;"B"
-484,851741515858;-394,5688;318,1302;301,2399;-313,0064;-0,2363;-1272,5388;"A"
-412,587669788809;23,9268;NA;176,7857;-377,3029;-256,1374;-949,9151;"A"
-136,494934293219;165,9373;-65,3076;139,2019;-129,0589;77,2779;338,7266;"C"
-18,5346207612133;-28,9627;145,5342;274,3547;-13,006;111,4151;-470,5034;"C"
-207,78690262747;-20,6299;190,6487;-4,9174;-222,6454;-153,5778;-915,9543;"B"
-424,228458321298;-445,949;246,3249;314,4166;-93,7951;-13,1301;-998,2114;"A"
-239,071226091234;-170,3309;-40,3845;317,9908;-191,943;224,0454;385,8017;"B"
-126,102455934838;-114,9633;9,7457;165,8529;-141,8375;72,7375;33,973;"C"
-260,745615130477;-169,3957;199,2139;-229,6405;-213,3368;-207,1715;-1003,8088;"B"
-273,248349629293;-13,1628;305,4325;44,3978;-45,3603;-156,2361;-1377,7478;"B"
-207,40544755239;-124,2959;175,5202;-193,7449;-255,2896;59,34;NA;"B"
-216,246307577189;-326,1167;-58,4236;33,0105;-185,7236;-177,2415;56,6712;"B"
-33,3976218966579;-58,7789;-19,8417;-25,1663;-99,431;114,9275;194,5126;"C"
-222,417772121939;-146,2936;131,0759;112,8814;38,3039;-193,7684;-717,8537;"B"
-447,894912160562;-333,7517;214,4751;404,9235;-229,5413;-7,9245;-865,6066;"A"
-102,883755132059;118,2323;-309,5991;-212,2399;-207,0785;145,1526;1383,7673;"C"
-331,973857894314;-116,1969;328,7907;-16,0721;-252,7212;32,8686;-1282,0759;"A"
-399,905537064643;-296,9412;401,538;233,9343;-425,2919;-87,1649;-1693,0986;"A"
-63,1366343567578;-78,6634;57,5726;-13,8593;-125,2824;148,324;-81,7481;"C"
-297,98613221763;-90,781;153,3367;104,2914;-65,6097;13,791;-599,3375;"A"
-310,32632366483;-121,4793;-9,113;235,5996;-238,4774;82,9918;119,6621;"A"
-350,725774465765;-181,3636;49,6173;217,076;-262,5934;9,7028;-188,5481;"A"
-16,7288466673143;-47,3458;51,434;17,4464;-73,1294;-28,6766;-234,1943;"C"
-280,566445647028;-64,5736;2,7428;198,3172;-261,1193;28,3897;17,6368;"B"
-343,114002027717;-114,9862;468,6549;210,126;-248,4301;165,9556;-1708,4457;"A"
21,9858444796577;-84,915;237,0177;-107,4572;-127,0868;78,8644;-868,9881;"C"
-165,221129488867;21,9495;-115,6412;16,6081;-33,8031;-54,7949;407,9882;"C"
-269,280147736518;-195,6263;-47,2954;290,8574;-155,2622;-94,0857;95,3142;"B"
-207,529858930076;165,0021;120,0081;-76,0239;-118,4434;100,3801;-379,434;"B"
-459,228620366476;-292,4923;53,5979;-184,7348;-334,6438;-32,1097;-246,283;"A"
-243,398309069205;-192,5673;77,6479;212,7673;-153,8039;-232,2312;-542,6045;"B"
-275,135875311931;-188,653;237,6588;190,8271;-142,1531;32,2228;-918,1941;"B"
-80,1396484031614;112,9058;199,1144;-5,6115;-130,574;112,1661;-684,0732;"C"
-271,911711290728;-47,9125;86,9517;157,5745;-210,9916;36,4867;-311,1018;"B"
-186,479889794268;-279,2191;-53,3143;-25,4935;-429,7784;-45,4364;168,0391;"B"
-426,78680813329;-114,1946;253,7416;1,9162;-257,0683;-55,0702;-1069,8183;"A"
-190,585799968378;-167,3572;153,123;41,408;-24,7285;13,9798;-598,2939;"B"
-93,8332295825378;-15,4469;35,3647;-8,231;21,1998;83,3805;-57,86;"C"
-454,335685139132;-73,7997;295,202;-25,7623;-257,8065;-301,4339;-1482,0236;"A"
-65,3015719682149;-26,7831;151,3812;-198,2666;-8,8068;65,8191;-539,4874;"C"
-8,33783502681993;-26,7587;-177,3466;-180,837;13,6773;77,5818;787,1865;"C"
-97,3803847348353;45,8781;72,2207;-264,7979;-178,4709;97,4739;-191,1906;"C"
-169,01780763995;-127,1853;32,5333;-238,0746;54,5106;338,9919;209,077;"B"
-252,712289526223;-227,7489;17,0717;-89,0303;-209,344;-120,0953;-188,1638;"B"
-146,01122123044;41,861;138,5829;-42,0814;-218,9905;-18,7913;-572,9046;"C"
-50,0076406252374;23,7495;-1,9039;192,18;-32,9048;68,4337;76,2676;"C"
-403,64861465131;-101,3529;251,6156;3,75;-176,0681;-121,1964;-1127,4405;"A"
-0,481751199968613;187,8122;-52,6932;-67,0462;-60,7984;106,2391;317,2302;"C"
-342,918448176498;44,9207;65,5335;-29,3013;-310,2977;41,4395;-220,4762;"A"
-354,131741176007;-235,1101;318,0271;193,7659;-219,7847;-43,9141;-1315,8042;"A"
37,2003728061361;-23,2214;35,4681;-134,9835;-115,396;-75,8438;-217,4979;"C"
-419,496433881609;-347,5681;237,1393;136,5436;-561,4862;470,8765;-477,4624;"A"
-126,702333820251;-303,4359;-33,4957;104,9003;-30,7265;-103,8849;30,3162;"C"
-246,40485469486;-86,1366;207,5629;39,4412;-302,203;-234,3784;-1064,4117;"B"
67,1811442147921;41,0786;-34,2435;-183,2151;204,9152;-54,2024;82,9899;"C"
-366,490786646068;-198,3644;340,3655;-4,5432;-241,1176;-20,6375;-1381,8812;"A"
-195,279936087426;-163,6654;107,6022;302,5449;-161,4029;-38,2265;-468,417;"B"
-38,6177295760941;64,5157;-29,1113;449,2296;35,2483;71,8015;188,465;"C"
-235,957720652366;94,2964;78,2262;-209,8267;80,1306;-99,4051;-412,0916;"B"
-82,5000691404512;-339,5777;208,5577;-4,3241;66,1577;28,3038;-805,7087;"C"
-276,918690201224;-274,4299;-6,8736;106,0382;-159,1092;-144,0672;-116,3545;"B"
-49,8127605425592;-51,0389;13,8091;134,2738;-1,0118;168,1552;113,1371;"C"
-241,758910887423;-158,5785;322,6018;338,995;-192,3758;9,6577;-1280,5312;"B"
-294,089971861624;-144,2753;3,8412;281,2827;-105,1032;83,8755;68,729;"A"
-479,404367811751;-214,8932;40,8292;-2,5187;-405,3146;-158,683;-321,7815;"A"
-49,1648944279444;-8,3079;132,8786;-29,6701;60,9911;260,0442;-271,2519;"C"
-239,167152172811;-297,1774;-104,5885;82,2789;-384,1192;-152,8202;265,7521;"B"
-275,769241387868;-84,4433;122,3903;123,5455;-322,8845;118,51;-370,8329;"B"
-461,318211064758;-251,5953;-95,8962;105,6308;-446,0434;117,2118;501,0149;"A"
-246,96882555172;-107,6196;260,2495;47,4942;-188,8988;-88,0938;-1128,8735;"B"
-141,574167772745;133,5074;86,1275;-69,7186;-170,1952;-110,6748;-454,9665;"C"
-356,351849611014;-239,8508;275,9296;-1,1959;-245,6128;221,8546;-881,6455;"A"
-358,35204782116;-203,7202;230,784;105,4738;-484,989;-201,912;-1124,8297;"A"
-151,564541431802;NA;310,8076;205,3576;-225,0825;-143,7868;-1386,7989;"C"
-28,6284474736015;-37,9648;-114,4558;317,4169;25,5527;-79,8042;378,2373;"C"
-456,727372771626;-243,657;303,8757;221,6449;-388,0513;-107,8716;-1323,1561;"A"
-235,749868587055;-207,3094;166,8461;142,3917;-277,8395;-97,5234;-764,6895;"B"
-96,2453831304183;-30,4415;83,8134;142,3188;56,3154;162,7615;-172,2738;"C"
-298,805648730966;-119,6463;-44,9474;185,1801;-332,765;-7,3057;172,7022;"A"
-300,532199129869;-259,9253;105,4651;-161,5002;-211,65;-153,113;-574,7551;"A"
-259,2988420528;-132,0195;227,4647;-162,4079;-319,8742;-59,3002;-968,9407;"B"
-457,312620858162;-248,2302;529,2053;-68,9062;-324,4106;-76,4202;-2193,0231;"A"
-477,21513038481;-157,6791;96,0172;-35,2291;-452,6714;121,2687;-262,5818;"A"
-70,6857691650719;-33,0953;-8,5676;51,67;113,2649;-169,1927;-134,704;"C"
-158,213070939913;8,9077;-11,1164;118,95;20,6961;-49,1845;-4,5006;"C"
-86,9662452420678;74,2656;140,6806;182,5581;-178,0346;125,8912;-436,6129;"C"
-380,425995315775;-386,4098;314,6055;-23,9653;-151,5092;-187,7742;-1445,9779;"A"
-401,094140980722;-146,2501;270,8368;225,6826;-311,337;224,43;-858,6989;"A"
-142,150597120959;17,6155;134,313;10,13;-363,2123;35,7575;-501,2762;"C"
-284,534851033442;-115,3442;193,1447;107,2012;-78,6786;212,5578;-559,8027;"B"
-489,907881964038;-319,8125;-129,208;190,0713;-415,3188;-304,5399;212,5104;"A"
-230,546542288116;-60,2304;282,7406;-13,0958;-22,7714;-301,059;-1431,8031;"B"
-248,112560082189;-88,8087;148,6702;-59,8247;-187,859;61,7709;-532,6916;"B"
92,1467935823269;29,7371;-231,0957;14,0327;58,027;-105,3248;819,2763;"C"
-326,458016557566;-193,766;108,0685;-152,6005;-311,5469;34,739;-397,3167;"A"
-148,375107635589;32,6799;-19,1905;66,3652;-173,7386;-103,2233;-26,243;"C"
162,816238172201;146,9432;-52,2743;138,2968;356,4569;-116,8021;92,5134;"C"
-172,78815592569;-122,4497;-41,0754;-286,5085;-442,9043;-42,1273;122,3926;"B"
-20,2950445987207;-114,1014;22,1321;-35,511;7,2569;-316,3883;-404,6984;"C"
-338,303290633596;-165,1576;-4,3903;222,603;-232,3451;-233,5773;-215,7978;"A"
-338,603471956703;-191,9254;377,4589;106,4731;-253,2361;-9,8895;-1519,5068;"A"
-137,805069740992;-230,7411;65,7771;205,1761;-160,4781;-31,7567;-294,6468;"C"
-134,243981630972;-221,9121;246,5135;132,4855;-75,958;137,6399;-848,1958;"C"
-131,482112961765;-78,963;136,9822;-73,1731;-163,5577;-269,0125;-816,723;"C"
-328,199187619671;-193,8297;205,6229;119,8513;-303,1524;68,1964;-754,0769;"A"
-475,207169763802;-243,4966;251,5696;220,0987;-380,3403;21,8122;-984,2479;"A"
-255,040288128007;-122,7037;42,8866;339,1683;-124,6272;-58,6458;-229,9739;"B"
-260,519361010239;-95,8739;174,1871;-70,9102;-321,359;66,2327;-630,2974;"B"
-19,4180252005279;154,6859;63,3107;-95,6741;60,0156;-162,1323;-415,1568;"C"
-236,716721275952;-232,309;130,9127;129,8243;-231,2971;31,8189;-491,6136;"B"
-300,945637840306;-294,6911;82,4357;-177,2464;-232,3291;-242,1648;-571,6893;"A"
-345,387610826955;-174,4872;201,2861;27,8463;-302,2545;-135,7175;-940,6436;"A"
-75,8909565530791;123,0251;115,1346;-25,5386;127,1588;144,8768;-315,4433;"C"
-299,363662208274;-176,0589;127,5791;251,3055;-208,4259;-19,4325;-529,5306;"A"
-147,769451578349;16,3005;212,5697;-341,1831;-287,4806;-90,8233;-940,8838;"C"
-352,396194709971;-412,3187;-5,7947;204,4457;-267,0197;90,8147;114,2118;"A"
-241,4728175554;-75,5695;185,878;-40,1803;-231,6557;317,5422;-425,7515;"B"
-417,639631999256;-36,4572;183,2156;212,6837;-257,9054;-47,3022;-779,9463;"A"
-302,589370168714;-179,0465;190,5545;86,4003;-235,4508;-192,8374;-954,8371;"A"
-265,797936849356;-36,257;100,7538;260,897;-178,2892;158,9566;-243,8403;"B"
-152,832114344827;18,3389;8,2051;47,5493;18,311;139,5094;106,9073;"C"
-176,478229307148;-122,61;116,4126;113,6078;-2,6509;-21,8505;-487,2826;"B"
-76,0966587135143;-93,052;193,3868;-40,724;-135,2712;-125,6853;-899,0142;"C"
-45,5467257563405;-66,7381;20,7395;66,5533;-7,0662;11,7233;-71,0164;"C"
-73,3042412844139;-5,4055;-213,8695;-18,7886;-41,8752;-334,5418;521,1545;"C"
-231,830553394858;-299,3246;101,7205;-172,176;-254,8062;-283,559;-690,2227;"B"
NA;-244,7067;139,3408;170,6593;-286,2115;229,9054;-327,2395;"A"
-79,662992503213;-238,5547;75,3719;-55,4504;-123,5231;55,0857;-246,1836;"C"
-371,560761355054;-245,6075;251,5129;128,1316;-196,2574;-422,1439;-1427,9772;"A"
-46,2582844082625;-102,8192;46,2975;-234,2885;134,0756;128,1663;-56,8054;"C"
-333,431677168382;-345,9265;283,8535;52,3821;-228,6756;-124,6104;-1259,8061;"A"
-245,509498569175;-161,7547;103,7762;-107,7358;-196,9362;-47,93;-462,8165;"B"
5,82512427833507;43,825;14,6701;-27,8727;0,8629;-75,1999;-133,662;"C"
-106,903532830523;129,6007;32,677;-126,4931;53,6852;-29,3073;-159,797;"C"
-355,09834135781;-158,9455;182,0722;-122,1243;-267,883;35,6694;-692,4011;"A"
9,3809840585422;340,3145;159,0837;-140,1105;39,0911;-33,2654;-669,3819;"C"
-279,981839665232;1,798;92,0768;-107,0208;-212,3137;-131,0395;-499,1284;"B"
-252,073382333833;-182,3558;154,951;94,8597;-120,8236;17,4593;-602,1264;"B"
30,5405470981472;122,1961;66,0222;-110,5205;-119,5984;40,4742;-223,3963;"C"
-245,442809970358;-111,5;308,9199;-64,2471;NA;130,3232;-1105,1381;"B"
-107,102149054936;26,1056;-66,482;70,6919;-197,4641;62,5972;328,7435;"C"
-550,292605615902;-108,3453;16,2758;-24,6049;-322,5385;-23,9113;-88,7962;"A"
-223,994175086754;-80,2102;-59,5984;49,7803;-68,8011;32,2138;270,8257;"B"
-489,528999078683;-112,6802;122,3663;76,1182;-409,1869;-221,6946;-710,9415;"A"
-244,036872757055;-184,117;41,4121;-112,0744;-92,6549;-112,4116;-277,8417;"B"
-151,234384104028;-167,8847;171,5206;-82,6161;-94,5537;-327,7048;-1013,5689;"C"
28,3662556841931;-23,4057;-54,3943;132,1436;102,1817;31,8081;249,6036;"C"
-300,60476464518;92,134;196,537;-91,7409;-429,662;5,2591;-780,6706;"A"
-131,240149438554;-43,5967;44,7743;328,3635;-267,7879;-71,2289;-250,1078;"C"
-159,200220771594;-95,7156;20,0034;-15,0636;12,1412;137,6488;57,8535;"C"
5,94296639691905;-1,7924;-69,8029;212,5043;52,3418;128,6353;408,0652;"C"
-234,032171705292;-181,4273;329,08;27,0111;-136,1578;-199,7474;-1515,8491;"B"
-287,304486138258;-212,2043;92,6672;-36,2095;-306,8884;166,9616;-203,4889;"A"
-321,704157495893;-241,859;143,5999;106,3082;-318,7752;-134,489;-708,6703;"A"
24,0507681428791;-118,4643;87,077;-182,0932;10,612;NA;-413,8407;"C"
-145,067512014855;-110,186;113,7173;255,1049;20,3187;-85,5892;-540,2401;"C"
-437,382151989776;-159,4562;358,2038;105,5026;-494,9813;-99,6038;-1532,2007;"A"
-109,487412685554;-89,2058;-281,5912;241,4854;88,9682;-125,7745;1000,8086;"C"
-494,919124150503;-361,2735;244,867;-124,4201;-363,4049;56,7084;-922,5413;"A"
-226,339131276082;-80,8894;-6,5463;-124,8372;-181,048;-200,359;-173,9555;"B"
-253,94488669847;-240,55;156,3755;7,9003;-81,7409;-208,0775;-833,3612;"B"
64,6287369901777;70,1146;191,9021;-171,3712;-4,9909;56,1613;-711,2288;"C"
-232,6373898067;15,4056;81,4301;-0,9633;-87,2554;-214,7202;-540,2223;"B"
-509,804578306881;-457,1488;257,5541;-8,657;-406,3727;19,7319;-1010,2662;"A"
-424,384847191015;-264,5693;174,9032;88,6946;-374,9148;-224,2642;-923,6587;"A"
-68,3732225371029;37,165;-104,3429;-1,6392;119,2768;221,707;639,2969;"C"
-150,148086966967;5,2139;289,9253;53,3239;-106,7905;79,3365;-1080,1464;"C"
-86,361442818962;-78,3912;-157,5242;103,9476;-137,8208;-348,1387;282,1764;"C"
4,04908703619444;-55,3334;41,4249;-23,5198;-133,1606;26,5378;-138,9435;"C"
-485,945793543676;-283,6981;118,2304;52,0134;-166,4565;-290,4063;-763,1096;"A"
-215,973187167646;-50,2769;128,753;-28,1288;-266,6458;-41,6193;-556,413;"B"
-248,079680930461;-124,1838;255,6184;119,521;-77,138;-67,6725;-1089,9278;"B"
-263,795776165758;-187,5099;180,7919;130,8929;-122,0553;-193,3401;-916,2894;"B"
-412,134025693731;-156,6493;179,3181;-84,944;-265,0506;13,5005;-703,5536;"A"
-497,45344589128;-505,4851;222,8335;212,9207;-426,1121;172,6597;-718,456;"A"
-294,411433006329;-209,1769;-2,1038;18,3395;-238,232;-15,669;-7,0355;"A"
-208,19365917751;43,0995;-60,3933;42,2232;-298,5379;-53,3789;188,4126;"B"
-504,689297029975;-192,1516;379,4128;48,0733;-316,9417;-101,5354;-1618,9683;"A"
-394,232737492515;-179,8944;212,1803;116,0918;-188,4644;-59,8071;-908,31;"A"
-141,230301173638;-172,2642;-29,5098;-178,1381;-145,8763;-5,392;112,8655;"C"
-361,001026660946;-124,5452;207,215;123,0319;-96,2234;-233,493;-1062,1347;"A"
17,029377247735;27,6308;-226,5676;-119,2926;147,6823;4,7794;911,2681;"C"
-12,2515520028021;-146,366;117,5426;-75,4357;43,3391;-55,2241;-525,1762;"C"
-107,652229771291;-33,3154;49,2613;142,8819;24,0912;147,2678;-49,5591;"C"
-6,51762955692752;105,408;-4,0074;58,4654;-52,6578;153,7675;170,0154;"C"
-142,440899929935;-82,4759;63,5931;-151,0584;-24,5965;-172,6824;-426,8365;"C"
-538,876101199558;-280,1612;153,3202;45,8503;-393,5006;109,2317;-503,8308;"A"
-503,774859415388;-273,282;305,0341;67,1881;-345,8701;-288,5902;-1508,5083;"A"
-331,485118367357;-286,7703;-19,9549;356,345;-218,7218;91,9963;172,0342;"A"
-410,483287477365;-153,8148;251,0349;59,1357;-330,8629;-83,0821;-1087,0034;"A"
-263,329215592317;-173,324;95,2295;113,0066;-291,8744;-104,0851;-484,7848;"B"
-52,4715988935149;63,7765;91,3454;13,2357;-2,2118;-303,9447;-669,108;"C"
-15,02535740013;-62,8838;-34,4449;-243,5273;50,3819;-95,046;42,9519;"C"
-282,558790928456;-120,9451;150,6349;-90,9995;-131,9946;-34,7606;-637,0819;"B"
-368,66446963771;-296,37;223,5121;-110,0443;-177,7156;36,8511;-856,979;"A"
-451,648963121564;-242,2625;-21,9805;181,1416;-277,3546;230,7775;318,9178;"A"
-257,267274244247;-374,5012;174,0986;245,5646;-52,4774;-61,5986;-757,7747;"B"
-289,819091074173;-142,4182;-52,3454;-217,2365;-49,7843;-208,855;NA;"A"
-254,217100917344;-113,9819;7,0959;-121,3756;-326,1614;-189,4247;-217,59;"B"
-139,992368414774;-167,734;-168,4446;-48,1584;-228,8711;-159,2121;514,7846;"C"
-176,757443908961;-74,9918;-2,4907;121,5403;-202,982;-30,0957;-19,9146;"B"
-292,437796318171;-38,3291;114,7104;-30,1905;-64,4426;-23,5141;-482,1374;"A"
-153,155712436938;64,4465;-0,4535;27,7944;-144,5118;-259,8081;-257,7758;"C"
-578,279643588173;-361,9397;255,096;126,5547;-589,9227;-154,4125;-1174,5782;"A"
-412,394190042051;-206,9001;105,4683;92,546;-469,4044;-269,6644;-691,3193;"A"
-27,811554709307;-164,8843;193,1781;-95,5271;-50,1529;-134,2969;-906,791;"C"
-266,475157526232;-100,0034;7,9325;-15,3074;-84,1369;-231,7064;-263,2181;"B"
-107,388134005184;97,8237;171,858;46,4115;-119,007;110,3481;-576,8656;"C"
-140,986786046044;-219,5757;344,1873;75,9797;-51,6768;-204,1785;-1580,7094;"C"
-416,557465875183;-196,5962;170,8068;93,8622;-202,1408;-231,7378;-914,7467;"A"
-214,487480107964;-70,3317;274,6576;27,4406;-190,332;-49,1943;-1147,6064;"B"
-116,38343567145;24,8802;179,216;-130,7293;-93,0378;146,0834;-570,5623;"C"
-385,463332198676;NA;-73,3698;-28,8675;-316,4605;194,2388;487,9363;"A"
-421,321459021367;-230,5681;164,0271;102,6194;-292,3143;-9,3373;-665,2274;"A"
-469,650242251106;-526,4824;450,4785;-193,486;-314,957;121,4868;-1680,2089;"A"
-382,880498686816;-168,0366;29,0304;101,4625;-412,7515;99,8506;-16,0527;"A"
-122,2963861986;-156,1148;147,3098;46,8577;-161,736;51,1492;-537,8717;"C"
-440,532439330617;-229,9012;266,7793;263,5649;-320,9937;-62,3805;-1129,2794;"A"
-246,259546938574;-249,9068;103,6845;-58,8491;-180,4755;-47,4829;-462,0026;"B"
-218,385101220447;-14,8865;229,4978;20,2097;-314,6051;46,3775;-871,3954;"B"
-272,472144301177;-95,7163;182,3323;-110,279;-203,3058;26,4671;-702,6438;"B"
-172,68277943998;-226,3348;66,8096;184,0499;-96,7664;40,0401;-226,98;"B"
-254,711320324248;-153,2917;-102,76;-1,7994;-270,7069;-146,8446;264,4137;"B"
-295,446498108908;15,9158;135,9939;-43,5854;-285,6742;-99,1953;-642,9526;"A"
65,9879844943553;63,3259;-257,5375;79,7667;106,5623;134,5811;1164,9494;"C"
-23,5254804981566;-63,2414;52,5836;187,1049;-184,0055;25,9679;-184,1482;"C"
-239,989640614715;-48,7895;208,6664;-1,9402;-216,5885;-166,8324;-1001,2797;"B"
-43,1922907832108;174,3416;32,959;-14,9856;-53,4741;0,4284;-131,1893;"C"
-343,147137645228;-148,6052;165,2027;302,5991;-184,2786;-71,9409;-732,5334;"A"
-172,948740489341;-113,7559;-41,7358;106,0607;58,5905;-88,1232;79,0383;"B"
-121,884704680407;-98,885;-172,0534;379,7621;-42,8465;157,149;845,5809;"C"
-329,298501208586;-351,7933;145,2692;130,0169;-272,1112;18,9769;-561,8816;"A"
-253,95348007505;-218,6762;163,3636;-148,3555;-411,8134;27,0831;-626,153;"B"
-373,812233252695;-203,0439;338,2738;-68,9902;-180,5243;218,5907;-1134,2862;"A"
-162,608992600707;-2,9552;84,8924;52,8915;-45,6913;-119,6108;-458,9621;"C"
-166,430906815192;-142,7849;35,2326;65,6655;-267,8691;30,9831;-109,729;"C"
-173,743228555223;-128,3848;78,0063;-229,416;-249,1802;-83,7606;-395,5675;"B"
-266,563325772227;-280,6123;NA;68,9537;-237,4392;-215,1646;-1323,6643;"B"
-190,763535291711;-163,9886;56,8886;421,807;-52,6945;-69,2498;-296,5859;"B"
-253,290837027775;-221,8474;272,3838;-58,4873;-323,7076;-62,3295;-1151,6464;"B"
-238,46452593757;5,304;143,6269;93,7354;-217,5978;-42,4943;-616,7836;"B"
-302,253337318244;-299,249;88,1372;-34,4591;-86,9939;-129,631;-481,9615;"A"
-344,760641068868;-301,125;156,067;101,4784;-441,9407;-170,201;-794,2507;"A"
-284,063367130565;51,2612;154,9844;-105,7505;-226,5746;-63,3974;-683,1167;"B"
-266,431764400116;-158,3941;114,5387;66,8069;-228,9365;-75,1173;-533,0538;"B"
-296,199597692314;-141,2213;59,865;177,7383;-179,0505;-197,1632;-436,4049;"A"
-415,61021342997;-95,6348;42,6227;131,6379;-231,8937;-230,3867;-400,6592;"A"
-97,7064802520101;-118,0677;28,3352;-40,4872;-150,7264;-129,5308;-242,6533;"C"
-508,269254301383;-297,0679;189,7514;-144,5997;-367,3451;-219,4721;-978,2594;"A"
-507,688163425012;-273,4806;397,7197;211,0176;-424,31;-100,2241;-1690,8846;"A"
-149,016674085171;-232,4295;66,1817;-26,8798;-257,5367;-107,8716;-372,3801;"C"
-214,013880067905;-68,0798;165,2198;178,1581;-257,382;39,1447;-621,5162;"B"
-547,32271062913;-448,0722;152,9282;165,4994;-266,9252;-106,9979;-718,4924;"A"
84,8208716121961;33,0823;17,1797;1,5166;56,1135;272,4828;203,9823;"C"
-388,241510971426;-145,0998;99,1316;4,3197;-306,9121;83,9763;-312,3318;"A"
-153,331421013329;40,5217;229,3338;-38,9133;-213,2905;-80,4196;-997,5365;"C"
-354,678937646709;-140,7476;275,786;288,8481;-260,3353;90,2385;-1012,6872;"A"
-337,962001734094;-95,1312;341,5975;198,037;-141,6943;-218,5289;-1584,7006;"A"
71,1974551561585;-33,766;-51,6832;184,1057;322,4473;43,678;250,6291;"C"
-93,405100474295;-91,9672;-99,5326;-114,6407;-150,5341;-30,0901;368,2586;"C"
-372,666533012934;-153,1328;-18,9733;123,9874;-295,9293;-89,743;-13,6315;"A"
-8,27164642895985;17,1421;-86,4191;173,3147;1,0403;148,9776;494,8723;"C"
-208,141991280561;-225,5263;143,9086;NA;-297,3956;-222,8334;-798,2495;"B"
-568,245593081375;-379,265;214,7722;221,2727;-464,7189;-90,2118;-949,0823;"A"
-168,88087726154;-190,8162;101,2246;154,518;-66,0911;29,7995;-374,8806;"C"
-389,609909084113;-289,24;327,4288;107,1323;-36,0512;231,8631;-1077,6338;"A"
-206,500605000789;-173,3552;350,0967;240,856;-233,2725;-8,1684;-1408,3369;"B"
-124,790310361556;-103,587;30,4722;-146,6809;14,2192;39,4862;-82,1843;"C"
-83,8751182064095;-73,9076;154,8909;-0,8839;NA;119,6111;-499,7342;"C"
-284,876454742654;-249,4206;-49,3556;137,7304;-212,5038;44,5901;242,2308;"B"
-316,108576716081;-242,8354;227,3357;-60,5315;-12,7355;-53,9208;-963,0453;"A"
-4,45882143692754;-61,7245;47,7999;68,4796;112,6078;-34,4347;-225,416;"C"
95,726392333536;-158,2317;108,2611;13,5262;146,5281;109,2681;-323,558;"C"
-82,3305513564866;-247,882;-262,5115;225,7928;-208,5094;-84,6718;965,5925;"C"
-236,733651131507;61,583;348,3683;-2,3432;-162,0898;-40,3828;-1433,6377;"B"
-127,194815461736;-78,7983;124,5807;191,9829;-106,2065;179,9696;-318,1349;"C"
-323,377692527221;-294,7768;208,0387;271,7013;-249,5761;80,8332;-751,1033;"A"
-110,139614428922;-106,4068;38,04;-48,677;-134,8631;-165,9963;-317,938;"C"
-105,067283524776;-42,6505;-45,0763;-2,9504;-158,4183;-364,8056;-184,2821;"C"
-164,822065059243;-281,8705;132,5307;-56,1317;-54,6192;7,0057;-522,8988;"C"
-467,605255109541;-264,452;278,4776;-37,1304;-288,4657;-36,6072;-1150,2993;"A"
-206,748408360999;-112,1631;332,9357;111,6023;-274,3161;-336,3921;-1667,9166;"B"
-211,606216409149;-325,2695;18,9516;-126,0652;-260,8482;127,3344;51,7463;"B"
-445,827595907845;-357,5458;263,856;284,2802;-365,8573;-232,0378;-1287,2435;"A"
-92,815925591915;0,8876;128,2095;-273,3657;-208,8718;-208,6226;-721,2423;"C"
-290,152591337032;2,1161;57,7029;-0,3758;-152,4523;-160,0249;-390,6182;"A"
-234,143274782984;-221,6758;317,0741;283,9932;-363,0115;-247,6427;-1515,7208;"B"
-102,573582717235;-100,4486;222,4446;-96,2372;41,3786;-130,2329;-1019,793;"C"
11,6037312689963;108,4952;-22,4116;64,8494;18,4887;79,8564;169,7211;"C"
-10,6804315696012;45,7514;27,0138;-279,8308;3,8274;-69,1617;-176,9986;"C"
-189,727172619968;-90,3621;5,8607;85,9019;-46,8581;34,0427;10,8182;"B"
-9,08648252394761;115,4421;-161,3511;-297,6595;-90,1584;53,679;699,3017;"C"
-228,398844764035;-170,4728;78,7976;20,0483;-117,0709;-10,8939;-325,866;"B"
37,3719331127961;-2,7215;-203,6364;-0,8747;63,2017;56,2444;871,0083;"C"
-241,735739401715;-16,4268;385,7064;145,0096;-146,852;86,9241;-1455,6832;"B"
-249,93397426044;-22,0532;308,8137;400,27;-132,1867;-29,7378;-1264,7743;"B"
-18,7221249911037;128,5153;103,5892;-41,0233;-143,1774;122,4567;-291,6818;"C"
3,23842326905961;-155,4679;10,0839;-144,7064;-85,0569;-35,3031;-75,4204;"C"
-320,623240474908;-203,7781;253,2803;-136,4435;-219,2944;-87,3715;-1100,2744;"A"
-139,055216377619;-183,9455;285,9386;-108,9185;-170,3329;-52,767;-1196,3031;"C"
-423,292816532605;-259,6862;66,9666;1,0285;-181,5977;-52,0099;-319,658;"A"
-82,3558726709415;150,4454;182,2249;-72,1688;50,4323;-75,493;-804,1743;"C"
-389,145963108845;-67,1201;35,3131;54,9559;-82,6232;-6,6733;-147,7074;"A"
-175,020452323188;-49,8794;-98,5397;-258,3971;-134,2583;0,2144;394,5915;"B"
-428,549563653838;-327,959;131,6691;-55,7409;-280,4371;-56,9919;-583,45;"A"
-256,557677000612;-84,2848;-89,7234;174,9677;-25,0562;66,3439;425,4558;"B"
-235,71356275722;-74,6055;22,8108;286,1864;-373,9445;-90,1736;-181,1985;"B"
-237,552556881331;-18,3511;71,3972;-32,4432;-29,456;-50,2623;-335,6328;"B"
-300,811040553497;-212,1461;343,2619;98,1984;-278,7041;-267,11;-1639,9393;"A"
43,4342791542358;-35,7903;286,988;-36,8755;45,6356;143,2023;-1004,5314;"C"
-308,363417978661;-204,5033;133,8795;5,327;-144,1602;-210,8422;-746,1419;"A"
-186,133521697792;-5,3297;-1,7585;53,7054;-321,3148;-27,1785;-19,9262;"B"
-294,156049762683;-255,4508;252,7315;-56,7278;-134,6175;-109,9657;-1120,6734;"A"
-287,855074311979;-234,1049;200,4682;156,5892;-114,4469;-185,0164;-986,6709;"A"
-386,532477227812;-250,0297;86,1289;153,7852;-413,3152;-242,2958;-586,5931;"A"
-74,3445679288159;-139,7616;-23,4146;-162,7888;-69,1802;174,4126;268,2893;"C"
-76,0652447858049;97,6497;-21,1964;188,2804;7,6403;-126,9219;-41,918;"C"
-242,994406643122;-175,1983;150,3678;213,4427;-133,1173;49,3877;-551,8652;"B"
-531,985652663582;-142,0837;180,6771;-148,9391;-400,3927;-155,9096;-878,3997;"A"
-318,535843002431;-198,0639;337,9748;-235,9015;-174,2934;-91,9548;-1443,6357;"A"
-102,349446229134;-93,0664;116,1611;-169,8654;-40,8892;-74,493;-538,9191;"C"
-108,296299107557;22,6628;-57,661;-67,7208;43,9112;50,2716;281,1339;"C"
-325,886637193569;-117,4505;311,9112;192,8193;-200,6089;106,0294;-1141,3971;"A"
-374,927967761673;-127,9661;-87,3101;-95,1897;-99,3696;-122,5676;226,8911;"A"
-33,1668395520934;43,2992;39,0283;319,9961;-62,0925;242,4021;86,5072;"C"
-343,695535697425;-120,2866;-35,6725;-92,6534;-143,203;19,7775;162,6858;"A"
-36,3703568841884;-118,2737;-87,8434;97,8904;-29,5427;181,0365;532,6284;"C"
-304,934637461493;-296,3644;46,1837;-34,6512;-152,7198;-155,8155;-340,332;"A"
-406,325593928052;-293,0742;452,1746;-163,8405;-155,5074;172,5261;-1635,954;"A"
10,4021241241494;68,5425;35,7579;NA;-185,3561;-191,6473;-334,4606;"C"
-292,353605209823;-300,9766;93,7523;56,2383;-201,5153;-18,5486;-393,3395;"A"
-526,792691320036;-204,5223;373,051;286,6327;-428,7361;88,547;-1403,4387;"A"
-191,420211521582;-201,8747;137,6484;-109,0304;-136,9344;-43,328;-593,7033;"B"
-188,382272204066;-92,5345;116,3412;45,8125;30,0555;-152,5655;-617,712;"B"
-209,265341276411;-234,242;46,5853;-61,7513;-178,8806;-3,2522;-189,3751;"B"
-250,524939829359;-191,9941;148,7116;-19,1877;-105,6586;-347,3694;-941,9975;"B"
-180,135514905705;NA;215,5123;46,5632;-78,6955;-68,4028;-930,2337;"B"
-149,081699839212;-147,1398;53,4592;8,6071;-86,0805;-17,8098;-231,4283;"C"
-178,470437637457;134,5184;252,5574;-281,6239;-199,0376;26,849;-983,1623;"B"
-232,93072657432;-170,1378;248,6559;54,0434;-57,4741;152,1819;-842,2234;"B"
-358,252589678315;-97,6467;325,4516;135,4211;-242,1158;-25,1784;-1326,7665;"A"
-173,371457319283;-86,0242;295,6314;-45,4025;-83,0311;-136,939;-1319,2463;"B"
-142,440363684366;-10,883;236,2879;-18,582;71,9976;-6,3503;-951,2836;"C"
-312,989265134988;-188,2103;243,6686;-72,8897;-305,5492;97,143;-877,3131;"A"
-164,047318731202;-324,7499;286,3739;-38,6841;9,8524;11,8837;-1133,3936;"C"
-371,559127612632;-192,9541;249,4072;135,1474;-265,9946;-111,5295;-1108,94;"A"
-155,407213513691;-145,731;148,0814;-88,2964;-34,6965;-161,2575;-753,3648;"C"
-461,653324887462;-279,4898;177,009;-88,9475;-428,1751;-122,5913;-830,409;"A"
-330,122120440671;-204,5726;244,7686;176,3495;-244,7309;-38,1667;-1017,0228;"A"
-122,007077108736;-148,6129;146,4214;55,5597;-29,9686;-162,1926;-747,6599;"C"
-183,387597693268;-167,0903;-332,728038036498;-100,8949;-192,1778;-53,8834;-13,1599;"B"
32,5083139448303;-9,0481;-144,2803;-114,1944;-69,4643;123,2197;700,5592;"C"
-483,20256544455;-263,749;391,9171;21,5303;-435,3149;-222,397;-1789,8471;"A"
-412,832372826275;-76,6636;143,7551;140,5995;-323,7646;-310,469;-885,2711;"A"
16,3177874790754;105,7412;-247,3031;201,9383;52,6295;-156,3869;833,0438;"C"
200,823872496884;308,4471;-319,7534;118,0223;198,9998;-31,9303;1247,3016;"C"
-240,257090443835;-182,9105;52,9081;-60,7143;-268,4673;138,3245;-73,0896;"B"
-179,83761562406;159,125;138,8526;-22,1215;-128,4841;-197,7799;-752,972;"B"
-11,07334369117;110,8689;-146,7588;248,5572;6,6516;-25,4857;561,7678;"C"
-305,48306000499;-142,5368;252,1745;-37,6363;-323,8745;-29,8153;-1038,295;"A"
-184,118327291066;-135,668;8,9257;-163,3222;-3,8356;-416,9509;-452,4354;"B"
-471,081910009639;-302,1042;-66,8296;-33,8897;-369,3378;-155,7617;111,775;"A"
-52,2760176085042;-189,5056;-51,8379;287,6373;-208,5497;168,3786;375,9485;"C"
-420,780225331623;-184,681;272,7471;407,939;-316,5785;-125,5879;-1216,358;"A"
-123,842937212994;-92,2977;333,8528;81,491;-82,5882;187,3862;-1147,8067;"C"
-302,207552077096;5,0673;108,2512;98,2634;-141,6663;-171,2196;-604,0061;"A"
-155,502119574481;-147,0172;-71,8828;224,3191;-103,6073;180,7309;468,4804;"C"
-102,620390182358;-1,2458;3,6872;-209,917;-193,0923;-328,8336;-343,3641;"C"
-157,48059360771;-147,795;126,3714;-10,7401;-246,2921;-9,5654;-514,8327;"C"
-418,269184234798;-81,6434;353,3341;-131,34;-340,7418;-160,2287;-1573,3468;"A"
-322,687175530024;-207,609;181,9775;16,3785;-279,2585;-158,4085;-886,1002;"A"
-163,690060320367;-31,5077;139,9844;-165,2165;-229,1486;-15,422;-575,1413;"C"
-385,517118410157;-198,6149;171,1035;106,3108;-172,3245;61,7948;-622,4009;"A"
-158,503848882881;-255,8355;210,6352;56,6171;-139,2243;167,4653;-674,8572;"C"
-36,813607558532;9,2157;-120,4883;-118,2809;53,4138;25,1637;507,3352;"C"
-308,293431357317;-102,0885;131,691;128,3601;-183,3025;19,7615;-506,7842;"A"
-349,435896466855;-317,5965;162,1226;-22,867;-316,607;-140,2362;-788,5083;"A"
-425,468451446095;-239,4476;78,2103;-21,2208;-154,7493;46,6897;-265,9332;"A"
-198,093436852265;-26,7129;121,4144;-11,2982;-51,9376;13,9679;-471,4714;"B"
-219,928664056331;-271,4394;135,1186;186,4634;-202,4617;20,4804;-519,7757;"B"
-335,541922223631;-227,3903;92,3758;23,6392;-338,0888;-189,1825;-558,4674;"A"
-88,255213903045;-300,9946;253,7798;-158,0214;76,2242;-250,0811;-1264,982;"C"
-235,826620791178;-292,6048;136,0686;156,6205;-108,4019;-21,3916;-565,4477;"B"
-103,995298008773;-206,9233;88,3891;107,4757;-29,1875;-69,5128;-422,8509;"C"
NA;-106,2184;349,5464;191,8358;-299,9244;-158,807;-1556,7743;"B"
-199,971264218227;34,3698;-19,0471;-81,3704;-232,4025;-72,9963;3,4104;"B"
-227,715429862799;-253,3542;79,3914;-93,6212;-191,2055;167,3993;-149,948;"B"
-231,378958784734;8,5226;149,1844;-185,0685;-28,9807;119,8713;-476,648;"B"
-169,577725667117;-133,4066;114,6572;87,9843;-350,2757;50,0787;-408,3318;"B"
-364,765673689304;-391,7334;-4,0471;29,8453;-125,9785;-75,4624;-59,0557;"A"
-77,7131153943867;-90,9041;-124,6675;-15,2101;-123,8761;-177,0397;321,8486;"C"
-322,164067219148;58,0256;111,8536;48,5555;-166,6531;-119,6686;-566,8647;"A"
-82,7850794677878;13,0869;25,1436;142,6548;-75,4151;-117,527;-217,8831;"C"
25,1321894347829;66,6048;-127,2108;53,5467;55,3733;80,6645;589,726;"C"
-296,404021251683;-202,5581;265,9747;12,3262;-241,64;-78,1505;-1141,831;"A"
-88,7398589817019;-106,8937;201,3631;-116,6347;-31,5421;-216,5368;-1021,7709;"C"
-151,358149688358;-220,1632;32,7487;-335,7;-164,7262;-122,2895;-253,066;"C"
-179,251817733625;-246,8297;54,4799;-81,0106;-300,4675;-171,7219;-389,4232;"B"
-165,896367931855;-160,0677;163,2074;39,9794;-269,3596;192,8275;-459,7838;"C"
-237,883161039351;-135,7095;244,6312;285,1553;-153,2091;-76,2294;-1054,5359;"B"
-340,749893107953;-204,0586;35,9658;282,1719;-240,7367;-96,6604;-240,3053;"A"
-182,010183766377;-66,7171;159,3229;172,5019;-49,2791;-86,9155;-723,9888;"B"
-446,84849207516;-138,4123;106,6886;-45,2892;-297,3544;15,804;-410,7321;"A"
-187,117640052836;-141,263;206,0865;318,2855;-154,6156;-51,2393;-875,367;"B"
-389,672173818903;-195,6393;417,5934;47,6491;-375,4313;-178,5685;-1848,7238;"A"
-312,130720889613;-347,4669;332,2877;120,7078;-179,4318;-43,8004;-1372,7329;"A"
-180,072027646921;-266,4268;119,0481;-334,1752;-197,9937;-158,5801;-634,5542;"B"
-395,473171977;-105,4105;50,7813;-51,3369;-241,5487;19,2555;-183,6514;"A"
-433,056719329512;-428,5377;211,4207;95,067;-315,8479;-66,3336;-911,7981;"A"
-264,523258009488;-399,4183;323,0907;-106,4973;-267,1557;180,5265;-1111,618;"B"
-262,815827029532;-116,5514;-89,8156;66,4915;-418,6229;107,1193;466,6;"B"
-392,081324039317;-133,4289;138,4611;-23,4231;-264,8265;-0,9732;-554,5993;"A"
-127,038842251744;-64,1805;-173,743;-77,6836;-206,8515;227,5068;922,6971;"C"
-363,649257933922;69,6979;81,9408;-48,2754;-315,977;-153,3427;-480,8876;"A"
-302,926052836766;-95,5769;54,937;-41,7336;-188,2773;-177,7236;-397,2533;"A"
-352,746974826251;-279,1369;362,922;75,2935;-309,9108;-30,3321;-1481,8018;"A"
-29,7195688452623;25,3787;-306,1797;44,3792;17,8217;28,2634;1253,2005;"C"
-81,7372346656627;-20,7534;-64,6305;174,1095;-129,7565;45,8152;304,5555;"C"
-379,442804036624;-264,7958;114,4765;150,2462;-318,9884;-195,3207;-653,0084;"A"
-130,687532817556;-240,0189;134,2671;91,3969;-108,5078;-198,3732;-735,2233;"C"
-189,006414101387;-239,77;108,6463;182,5317;-33,4196;45,9268;-388,4401;"B"
-201,825810592899;-138,1932;178,4923;225,3444;-197,1908;-213,8903;-927,6412;"B"
-283,984376468226;-222,986;154,5434;4,0398;-216,4687;-264,4105;-882,3658;"B"
-89,2165703607976;42,2689;80,9408;228,6727;6,0855;-276,7728;-600,3177;"C"
-395,662504480468;-252,4127;299,2241;114,1148;-247,9099;-139,7029;-1336,381;"A"
-278,656071011793;-236,1982;140,3316;-237,1274;-40,54;-152,1721;-713,2802;"B"
-172,573681089174;-79,9317;213,9024;325,0669;-74,0835;-12,0875;-867,4788;"B"
-273,739923387351;-144,7477;172,3836;186,2103;-158,7456;67,7916;-621,5245;"B"
-174,79716742878;-151,3904;31,8131;116,4591;38,2539;-125,1036;-252,1377;"B"
-145,345197907776;-14,5842;-56,3149;167,6768;25,0705;-73,7666;151,7113;"C"
-303,713915281798;-107,6501;94,3699;-254,3294;-250,635;218,8183;-158,443;"A"
-141,25085312552;-175,8591;152,7152;45,7857;139,7701;-54,9269;-665,5694;"C"
-202,902378699347;-142,8046;95,1376;287,4367;-132,4935;-125,3964;-505,7285;"B"
-100,460163530945;-123,2431;27,1347;-78,6694;6,8904;59,5795;-48,741;"C"
-300,438106902381;-360,4608;57,576;232,3936;-160,0009;70,26;-159,8257;"A"
-206,186722950057;-310,3843;131,4752;28,8372;-132,3245;103,1018;-422,5807;"B"
-296,474976586725;-223,7974;-96,6102;9,9809;-320,8821;96,9054;483,5645;"A"
-388,075384014692;-290,3878;123,3525;20,2656;-248,9272;-131,5686;-624,7603;"A"
-118,521943824792;141,567;104,2356;66,8105;-257,3042;26,2722;-390,4519;"C"
-107,64029692822;-237,7578;109,0047;93,4513;-111,5279;89,6794;-346,1211;"C"
-145,987901984962;3,7809;74,2114;25,0533;47,2862;-46,0954;-342,7227;"C"
-300,613676089337;-320,3233;204,5096;-132,4584;-225,0491;-145,2891;-963,1092;"A"
-326,575840411414;-191,062;83,1282;-81,6529;32,3492;-35,1406;-367,4351;"A"
-181,147665464581;-138,4826;74,9282;83,5191;-389,5325;119,4461;-180,0484;"B"
-404,000224183946;-264,8373;222,6545;84,4564;-266,7897;-100,8996;-991,2993;"A"
-221,737472856529;-71,5983;179,0063;-6,8062;-217,7102;-140,271;-856,0779;"B"
-55,6098843801309;242,8967;197,4215;128,6954;113,4561;45,15;-744,3177;"C"
-311,553319145201;-62,1477;226,0635;23,3851;-290,296;264,3872;-639,6485;"A"
-311,010812413089;-33,6258;413,2116;-42,3482;-253,0531;111,7339;-1540,8942;"A"
-117,435233706085;-6,4333;-97,0774;11,3395;-47,7835;28,5573;417,0852;"C"
-26,3628035496132;162,9699;106,9693;19,705;-89,8533;-128,4083;-556,0672;"C"
-254,812945210632;-35,3872;-111,6201;143,0816;-126,9498;8,2881;454,9868;"B"
-71,4123072515474;55,3766;25,5441;114,0303;55,0117;155,5451;53,587;"C"
-340,719460733594;-181,2886;63,278;84,3352;-99,3804;29,1973;-223,6964;"A"
46,8115911181889;65,4146;56,4261;-71,4325;56,6356;165,5964;-59,8897;"C"
-259,444845928282;-228,4572;420,6356;91,4472;-136,318;-110,6771;-1793,0012;"B"
-300,518098222936;-259,8545;146,5867;25,6314;-153,3716;-122,5416;-708,6701;"A"
-242,087875291514;-394,1905;85,3063;7,6201;-244,7087;29,717;-311,2899;"B"
-289,346296050101;-218,8866;161,0023;120,2926;-330,3707;-76,0045;-719,7954;"A"
-196,103107592616;-153,8631;104,7673;191,9655;-169,4;23,5698;-395,2811;"B"
-256,785772953857;89,5541;-31,1196;-80,5859;-309,5296;-5,1826;119,5141;"B"
-318,639846884538;-227,9018;-18,8343;17,0314;-269,7229;-56,3068;19,2487;NA
-233,605857166808;-242,3726;143,5065;129,1454;-41,3645;-4,7486;-578,5563;"B"
-351,885635544718;-140,8797;290,8956;61,5974;-342,4497;-84,7837;-1248,1478;"A"
-282,937449123526;-141,551;79,6238;-57,3784;-262,7634;-333,6195;-651,8964;"B"
-372,134689290629;-143,718;401,8277;77,1735;-394,4748;-84,3697;-1691,4622;"A"
-379,960174714807;-258,9357;376,8162;-51,3778;-307,4134;25,8015;-1481,245;"A"
-371,380297027245;-178,7361;100,732;254,7524;7,001;121,6206;-281,0891;NA
-9,48909905050203;-13,8133;73,9439;-100,8816;78,415;-149,618;-445,1753;"C"
-213,210217246158;-111,7981;42,5448;-103,5882;-65,529;119,2145;-50,7464;"B"
-393,722297865834;-266,1662;140,3011;-105,5156;-233,9569;36,1364;-524,8497;"A"
-445,869213806509;-267,486;138,8528;148,0404;-403,9036;231,3432;-323,8497;"A"
-560,893746310933;-395,0237;236,2044;-48,2878;-361,1387;131,2641;-813,3352;"A"
-137,196043327573;3,8809;-91,0935;84,1173;-9,9435;-382,7009;-18,1086;"C"
-94,8397019498339;22,973;16,7241;2,7876;-50,9864;29,7616;-36,9165;"C"
-181,686280012053;-70,5919;42,2254;28,5042;-107,5974;-106,3244;-275,0077;"B"
-221,019937376385;-72,1456;102,6918;-75,9542;29,7271;-94,9355;-505,4844;"B"
-367,761057001879;-123,3;258,0379;-259,49;-255,6844;47,7122;-984,2211;"A"
-184,697453355534;-24,4645;-128,9344;-24,0727;-1,4253;72,2379;588,1938;"B"
-226,490712687645;-58,6739;25,1114;-87,5686;-132,5065;26,1223;-74,105;"B"
-392,697527824605;-299,3188;-156,5799;-21,0903;-314,3323;7,6306;634,1685;"A"
-29,0990069911291;28,4693;-210,9288;128,8369;-32,9125;68,3974;912,3309;"C"
-81,022983631425;-31,4344;-48,6249;-178,7213;-126,9108;-42,7506;151,9673;"C"
-272,131608607731;-67,862;-28,4565;-2,1424;-234,8539;-190,9437;-76,8994;"B"
-199,257482033345;-84,4502;-27,4931;56,0776;-94,0902;-300,5636;-190,3729;"B"
-366,250970039007;-189,6976;29,6561;90,6139;-267,2007;-315,7849;-434,191;"A"
-44,3615744443473;107,3116;115,7439;-36,2096;82,7534;-66,8946;-529,6519;"C"
-330,786788818816;-99,1373;151,2665;-245,0635;-208,5987;-95,7348;-700,5825;"A"
46,968102421652;-40,7959;10,9847;47,6342;55,3502;-260,3272;-304,0477;"C"
49,2965568905895;-50,7404;82,6354;44,7621;50,1528;182,4773;-147,846;"C"
-403,141785567295;-229,4158;-6,5991;-74,6549;-315,3587;149,8928;176,5075;"A"
-194,712564673348;-34,5676;342,637;-94,4643;-95,8583;-77,7519;-1448,0816;"B"
-363,061313555608;-69,2057;218,654;94,0814;-326,3414;80,5317;-793,866;"A"
-304,902137585662;-127,3183;204,2286;75,0658;-258,2809;62,1742;-754,5219;"A"
75,2935832028638;-3,2077;-51,5839;-67,8889;-19,2157;112,8243;319,3782;"C"
18,9903573431538;-42,4999;-21,2323;-66,2143;86,6071;-95,0363;-9,8888;"C"
-196,918693151068;5,0012;65,4115;-129,3839;-135,7588;33,306;-228,1217;"B"
42,9731620643154;117,0712;102,3237;96,3908;3,1329;-310,8185;-719,895;"C"
-182,901324799719;-155,7346;182,7138;276,4507;1,9771;63,1757;-667,4612;"B"
20,9340063601303;46,1382;47,8944;103,7734;-61,0179;-51,0077;-242,367;"C"
-196,159946621655;47,9895;39,7539;-188,4038;-113,8309;48,5631;-110,2342;"B"
-342,150516509311;-442,1651;123,3928;-105,4566;-226,5208;-68,3116;-561,6645;"A"
-186,956420699655;-156,2466;-162,0488;-44,2656;-161,8963;-190,5077;457,9058;"B"
-173,45030382311;-145,7424;267,1438;69,9895;-315,9217;-4;-1072,3569;"B"
-601,234914705109;-224,9388;584,1518;120,3568;-334,4865;-4,4703;-2340,8592;"A"
-464,023387552437;-376,842;69,8709;-175,4126;-396,9854;-141,5802;-420,8455;"A"
-300,910528825952;-322,2313;47,5948;-100,2794;-289,5458;-162,0956;-352,2565;"A"
-187,511508174624;-141,588;1,5411;212,5549;-188,1807;186,5956;180,6495;"B"
-86,5932656307887;-17,2022;27,9489;71,0627;-53,3634;167,374;55,7967;"C"
-91,4446388374386;-79,226;88,2934;137,2015;-59,8597;92,9007;-260,0546;"C"
-291,478086865079;-109,6646;391,0584;-53,4936;-146,3276;97,9762;-1466,0391;"A"
-231,142760711123;-198,5366;222,7086;1,7155;-38,5457;-106,7657;-997,3818;"B"
-211,497596144025;-190,5246;202,2945;-99,2715;-106,3151;-6,268;-815,2277;"B"
6,2542019080002;161,5169;-131,0609;68,9248;106,2271;132,8526;657,3145;"C"
-466,756044627489;-494,9103;369,0104;-68,1267;-392,1668;127,816;-1348,0073;"A"
-311,435798130871;-39,0994;182,0404;-172,3588;-305,3591;-118,353;-846,2963;"A"
-101,961923328213;-43,1748;416,0385;196,5368;-91,4654;72,7944;-1591,1413;"C"
-239,183224133257;-162,0281;207,0222;11,705;-267,6447;-75,5768;-903,4473;"B"
-437,094738833723;-413,8016;285,622;194,4184;-247,0642;-65,8085;-1208,0782;"A"
-258,522256751176;-264,0499;179,913;-193,9418;-131,6608;94,1591;-625,2746;"B"
-245,506111895121;-122,2217;267,9092;-24,6662;-331,3354;-171,7469;-1243,1654;"B"
-121,725818578712;-120,2161;72,8416;-187,2683;-75,7931;30,3282;-260,8199;"C"
-203,424736396511;-149,9986;146,6829;-146,2183;-97,8035;3,2937;-583,2196;"B"
-125,014027019753;115,5136;120,9667;9,0785;-89,496;49,0245;-434,624;"C"
-458,545205262151;-334,6736;159,8665;-41,3323;-321,768;117,7575;-521,4902;"A"
-63,0847445210402;-38,2435;-187,1295;-74,1728;-135,0292;20,0585;768,7948;"C"
-186,082649230885;31,4254;102,7604;37,4827;-73,1032;68,8929;-341,9304;"B"
-132,368247166763;-12,3571;30,9696;107,6868;-222,023;219,6664;96,0063;"C"
-436,120615604908;-274,6063;314,3991;-97,2317;-218,0564;-22,0197;-1279,3978;"A"
-447,571596483171;-318,3276;211,2616;200,4065;-272,543;56,2681;-788,56;"A"
-154,466702886472;-156,0167;148,5134;-86,8476;-66,604;208,8053;-385,03;"C"
-41,5261997696879;96,5017;-133,5861;125,9576;-23,3781;-49,6575;484,9052;"C"
-54,9499590080901;8,9499;1,2451;-35,3174;-125,4852;-29,8915;-34,6536;"C"
-445,365363508329;-335,7951;402,2515;76,1122;-319,9581;-152,0545;-1760,8422;"A"
-187,398021866332;35,3644;187,713;106,3156;-182,8718;-135,3273;-885,961;"B"
-388,444853466406;-348,3357;182,7143;-96,2585;-206,547;-52,214;-782,8529;"A"
-62,6941906138802;23,2253;228,5142;-81,738;-171,6101;167,5037;-746,3348;"C"
-138,554119901492;-154,2863;112,7144;277,635;-98,436;78,222;-372,4173;"C"
-260,539143793294;-182,0571;-7,8421;143,3637;-211,1808;185,2751;216,8618;"B"
-397,469842489636;-276,392;189,5875;123,6845;-122,6967;-14,2403;-772,372;"A"
-303,31516273444;84,4171;127,985;-89,1275;-151,5315;-188,8711;-700,5928;"A"
-227,040910367347;-349,4615;85,8472;-60,4697;-160,9843;-10,7936;-353,9641;"B"
-387,216942413326;-227,341;145,5155;177,0679;-276,7792;-111,7989;-693,6426;"A"
-230,160063969493;-197,3421;240,9614;-208,0006;-107,6523;-62,2183;-1025,8456;"B"
-413,434393271493;-363,0644;540,1052;-206,4001;-272,6567;-295,1508;-2455,3533;"A"
-311,721825003733;-143,2142;225,6818;62,6781;-248,1043;24,0545;-878,4544;"A"
27,5068604284193;-52,8514;204,9817;-93,877;-123,2568;-78,5393;-898,2478;"C"
-48,8790900730845;7,4248;-53,175;354,8614;-106,0062;-250,223;-37,3047;"C"
-214,837579211993;-206,2775;122,8536;-205,1451;-201,7284;109,1266;-382,0695;"B"
-281,320361160792;-242,9496;207,5476;145,5118;-207,7446;-0,5095;-830,4816;"B"
-119,438966610133;-116,4491;42,6949;61,1226;-122,4426;-208,0346;-378,5959;"C"
-338,847672787367;-25,7349;263,3307;117,693;-124,132;-73,3269;-1126,4314;"A"
-244,871219088153;-168,6976;140,672;-167,1384;-123,1699;111,0394;-451,4303;"B"
-203,472025095939;-124,1983;21,5102;-54,0764;-135,4485;-290,1146;-375,9371;"B"
-506,612238080306;-317,8716;138,823;172,1951;-314,1695;88,5147;-466,559;"A"
-189,499986300231;16,6089;115,2978;-277,2057;-140,8983;-44,8146;-505,7875;"B"
-453,444556048735;-393,2399;245,4108;-33,3236;-311,6685;-89,139;-1070,5639;"A"
-24,8460511347525;-253,5785;176,492;36,8163;-67,2585;29,5122;-676,2375;"C"
-337,976965171237;-386,064;243,7283;-138,4234;-85,9891;-253,8483;-1228,5432;"A"
-67,8335869125092;20,3599;-42,7238;277,8056;103,9953;-144,4135;26,7;"C"
-244,85262018778;-128,7783;271,3623;20,0386;-16,1792;-44,6788;-1129,9097;"B"
-379,9559928055;-295,2291;206,1561;-37,7349;-359,0201;-143,2788;-967,6849;"A"
-165,883686978998;-98,1215;110,5921;-11,4516;-84,185;-103,1103;-545,2604;"C"
-109,386299246179;-290,6347;-103,3508;73,11;86,5644;98,3085;511,93;"C"
-89,9096099735046;227,1449;3,44;-264,0881;-4,8612;-11,8446;-25,3863;"C"
-45,5782295132624;-325,3016;-7,1485;-176,7603;203,5852;-96,4388;-67,6265;"C"
-127,48322512744;-136,3984;160,3498;313,148;10,2181;-114,3902;-755,5711;"C"
42,2758686852012;138,9272;-350,8848;-7,5618;-55,6157;-78,3287;1325,4288;"C"
-250,261241610238;-47,3106;226,5094;-56,8419;-194,3728;277,285;-628,5343;"B"
-411,131164022257;-143,6595;57,2744;71,0403;-130,113;-178,5593;-407,4386;"A"
-291,196938659346;-95,2699;146,9115;-67,7439;-110,0418;-46,3542;-633,7819;"A"
-329,727192725892;-281,8489;262,4073;198,9246;-20,6283;-98,0039;-1147,4148;"A"
-46,6060357334063;192,7068;-54,7593;14,8796;-21,3965;-85,942;133,3135;"C"
-208,347704961655;13,2294;141,3815;246,0567;-149,403;-165,4273;-730,735;"B"
-413,77272641186;-183,7143;241,1646;52,9228;-307,6016;219,2999;-745,1402;"A"
-311,494139344328;-134,9181;440,5109;-111,3658;-193,3814;-273,1568;-2034,9821;"A"
-169,887617274031;-188,7656;-52,6538;-281,0081;-101,1416;-267,0028;-56,1693;"B"
-198,978504401413;-168,7643;-44,2409;105,842;-108,038;190,4206;367,6025;"B"
-333,87718125557;-438,5304;133,7406;132,1084;-240,7252;-5,015;-539,7591;"A"
-248,333028536216;-251,8592;92,7175;-348,601;-138,1118;-141,4719;-512,1236;"B"
-283,946122354184;-44,7259;110,3087;102,6348;-19,1139;-104,7568;-545,7733;"B"
-156,016798731025;-133,5542;-144,6501;141,4558;-100,7469;88,1584;666,9771;"C"
-167,486024397096;-190,2009;-1,2384;36,594;32,4876;82,6775;87,8494;"C"
-449,494784216631;-200,7218;243,5747;258,9071;-560,3496;108,6795;-865,401;"A"
-188,186179646404;-104,6673;55,8371;109,5965;-198,28;34,0169;-189,1132;"B"
-37,4057699610329;123,0641;-9,3961;100,4381;-151,1883;133,2964;171,0991;"C"
-258,813549503182;-211,7065;195,9095;250,4623;-236,738;-54,8471;-838,2668;"B"
-266,145652285391;-284,3185;70,4849;-37,4475;-225,4406;-42,0012;-323,7225;"B"
-74,3209369090941;-139,049;-64,9699;-8,8016;-49,6822;77,8347;337,9326;"C"
-255,716975065317;25,3459;164,5158;-82,8532;-164,9504;70,5261;-587,3188;"B"
-328,101941116018;-207,9182;216,1877;-146,5329;-264,4815;220,7616;-643,7709;"A"
-239,40763561422;5,8686;-9,6798;198,1026;-239,348;205,086;244,0235;"B"
-205,052176507302;-132,3069;224,6039;-115,3801;-105,8793;-65,0339;-963,2312;"B"
-406,981150635953;-226,9082;541,625;-37,791;-242,0386;-117,4234;-2283,7051;"A"
-483,354521330979;-322,6237;322,1367;57,7789;-670,688;-247,3501;-1535,6786;"A"
22,3119224217908;36,5403;57,3265;-59,8245;-20,4303;-151,7359;-380,8236;"C"
-358,132470050634;-71,1866;166,7131;29,3643;-318,8855;-88,3801;-755,0142;"A"
42,7401162933808;-217,5126;102,4837;-91,6018;39,2324;-323,7891;-733,5056;"C"
-28,399447027133;80,4642;177,9981;86,8045;132,8908;149,8364;-561,9377;"C"
-239,118894871108;-84,55;42,0758;-261,9139;-185,4846;100,5839;-67,501;"B"
-132,936894983966;-38,3963;209,198;40,7323;-77,7175;-221,864;-1058,4377;"C"
-236,554146680742;-54,8412;86,2416;-64,6303;-383,4458;-294,266;-639,0141;"B"
-176,225730806776;-70,5295;105,2181;80,0482;-32,3542;-162,8019;-583,456;"B"
122,692390354992;34,1102;-167,2793;-66,1808;120,057;-16,3316;653,0039;"C"
-1,25713968617305;19,2149;-71,848;161,0016;108,2554;-12,0025;275,6078;"C"
-53,1283392633101;-49,5282;338,212;-90,0604;-50,7138;190,0344;-1162,5953;"C"
-313,171146556541;-296,5959;373,6278;22,5209;-105,2493;55,251;-1439,0419;"A"
-245,299074799434;-217,6304;-163,5717;145,1645;-159,5713;-2,2674;652,2377;"B"
-136,22350602628;-204,384;135,9753;8,3637;-195,6308;78,9718;-464,7111;"C"
-184,594772493401;-205,7505;373,933;-51,9331;29,0738;-152,263;-1647,7767;"B"
-318,969527470363;-395,1424;NA;227,7121;-265,1961;-80,3626;-1678,0383;"A"
-248,431737097015;-212,2692;-80,4482;-169,1372;-134,6244;-176,6695;145,3416;"B"
-270,746581472738;-59,0969;142,9111;80,8802;-248,939;-72,7978;-644,2239;"B"
-146,443123788703;-10,4335;159,9597;159,6672;-136,3945;-49,7285;-689,349;"C"
-214,564065825172;-389,423;143,0286;-1,4763;-203,2387;73,2727;-498,6234;"B"
-549,08671936262;-270,3487;340,9748;74,1448;-237,5269;-71,846;-1435,5269;"A"
-255,656191014484;-177,2985;135,9569;94,0176;-18,109;-287,6878;-831,2971;"B"
-99,630815894231;37,3155;-6,8259;-50,7421;-18,8124;140,2733;167,7952;"C"
-49,7500808770755;-209,5835;213,6043;-58,9733;-123,7643;-160,2282;-1014,4271;"C"
-348,159023987578;-104,5765;51,8751;-21,8314;-384,7965;-144,0548;-351,3369;"A"
-262,725506321169;-61,4957;20,0612;-228,1826;-239,7948;-37,61;-117,6365;"B"
-226,278684203853;-281,6068;62,2649;47,7257;-21,0341;-235,5338;-484,3751;"B"
-188,91025116646;-158,4352;65,2842;46,2654;-256,9975;113,9119;-147,0066;"B"
-238,922973684661;-191,933;186,4186;89,6896;-162,5582;37,5221;-707,934;"B"
-230,047515958904;-149,8075;-25,0565;-270,13;-128,6378;-145,3985;-44,9542;"B"
-108,089775990309;-247,5066;45,5313;-89,5389;-84,7946;24,7648;-157,1421;"C"
-103,682729205444;-35,7511;199,7059;-76,5571;-47,2325;-163,3427;-961,948;"C"
-176,428258754485;22,9373;-171,1217;28,8334;-20,7628;-301,4829;383,2222;"B"
-392,948897859449;-228,4045;107,9519;145,4268;-231,3484;-3,4;-434,9893;"A"
-263,25184916702;-217,6374;148,0462;8,4466;33,0481;67,4297;-524,5368;"B"
-216,559698229981;-109,8655;163,0326;97,2916;-312,2792;-44,4782;-696,3903;"B"
-152,765221130406;-105,1869;212,2601;-58,9006;48,2606;262,3615;-586,4606;"C"
-282,32910848958;-338,4012;-1,943;300,8951;-195,0262;-415,1863;-407,196;"B"
-515,269140279799;-367,6235;97,6526;18,3559;-282,6657;-81,2422;-471,6343;"A"
-265,661814946506;-324,5447;136,943;-32,3743;-130,6926;72,228;-475,3257;"B"
-151,360196646123;-120,2795;82,8887;-118,8268;-44,3935;331,3636;0,0271000000000186;"C"
-69,6046984002707;71,1789;210,9717;-179,1292;42,2;272,3686;-571,2999;"C"
-349,624805368655;-312,3487;319,5436;-282,727;-171,8695;-78,1098;-1356,0659;"A"
-292,534932285538;-225,0681;117,0748;-4,484;-337,2653;11,9206;-456,1603;"A"
-436,161548007572;-196,9862;402,42;196,6302;-435,5183;-465,4685;-2074,9302;"A"
-142,077200228387;-295,7153;66,861;220,5466;-137,8539;-129,2015;-396,4272;"C"
-15,4348918382081;17,9399;181,1922;-15,2316;104,8089;-12,7235;-737,274;"C"
-194,874359689234;-191,1862;153,2347;137,0053;-147,4424;-164,8045;-777,525;"B"
-253,523719230571;20,8711;-87,2795;35,3079;-119,7384;-126,6515;222,6848;"B"
-166,067824874618;-369,3951;17,7785;-27,7479;-137,6683;-25,2719;-96,1676;"C"
-241,92712800654;-154,5163;181,7205;-58,8796;41,9974;-191,2971;-917,9608;"B"
-458,657704352819;-270,7958;404,2923;202,7271;-352,8693;-138,318;-1755,2689;"A"
-316,67707108261;-98,1479;31,1082;220,1017;-213,6748;86,5554;-37,6591;"A"
-200,148135946312;-87,8574;156,767;2,2366;-191,6993;-105,9358;-732,7855;"B"
-304,053218909808;-305,6401;73,4929;475,0935;-434,406;125,6448;-168,1085;"A"
-33,9837892195733;-121,8845;-1,9165;171,2225;-48,1414;15,862;23,7463;"C"
-16,1502746592957;-104,8367;-69,4944;236,1229;49,3065;-243,2734;34,9225;"C"
-289,267745904034;-53,2812;310,4898;142,8431;-184,813;103,4053;-1138,3356;"A"
-138,135170001313;-283,2063;-28,2248;-67,8603;-265,4824;-84,2873;28,8302;"C"
82,0066137182432;131,2412;2,5937;-45,5241;48,4272;-38,4817;-48,6382;"C"
-224,644746557779;-36,3048;-22,4855;-88,4974;-259,8979;80,8417;171,002;"B"
-32,181600575271;-30,9102;-256,3571;-15,7711;-88,9036;252,2893;1277,936;"C"
-154,181355931561;-123,2977;293,7062;257,5927;-52,8486;56,765;-1117,8415;"C"
-178,816423616017;-112,318;83,6647;-22,071;-48,5028;175,5742;-158,8663;"B"
-320,768113139548;-157,8612;103,1068;-62,1697;-166,4153;26,512;-385,6969;"A"
-142,42381983162;-72,2507;221,9348;-61,3585;-77,6449;-25,527;-913,0479;"C"
-372,550165230553;-300,8928;216,4357;-143,7893;-247,2887;34,3108;-831,2137;"A"
-441,032245208319;-295,6389;184,6372;-28,8295;-241,9024;-216,4609;-954,7914;"A"
-123,856951307277;172,0407;-138,8398;29,8655;-265,7644;1,1881;556,7656;"C"
-99,1356824660967;54,1138;-72,1476;136,247;16,5053;6,5314;295,3401;"C"
-241,637596692715;-426,2753;0,4843;165,6657;-131,1541;222,9782;221,2593;"B"
-212,490211577502;-214,8921;233,7294;-20,1108;-159,1877;75,5574;-859,1419;"B"
-82,3509083743014;-41,0896;153,8289;-258,0902;-39,6997;-141,6645;-756,7618;"C"
-216,861419231358;-227,5353;-41,2126;30,5084;-233,4063;67,8315;232,9002;"B"
-256,164609167508;-190,435;160,12;-90,8968;-323,2089;-226,4314;-866,6931;"B"
-174,28130690911;-152,3085;127,491;147,8056;-174,0255;51,5187;-458,227;"B"
-56,2763953601197;-47,118;188,0538;-147,057;-260,2864;153,9313;-598,0656;"C"
-285,203621203606;-380,5222;74,7899;163,4637;-94,2508;144,9941;-153,9472;"B"
-155,972474722889;-40,028;-23,8543;22,1531;-167,1557;-112,865;-17,2295;"C"
-112,512486280125;-74,9019;46,6925;-108,9106;81,7714;74,3353;-112,2164;"C"
-279,538800532311;-187,0327;54,3048;99,2564;NA;145,364;-71,6369;"B"
-274,117603449646;-187,256;-6,5464;-2,0769;-430,8136;-96,1969;-69,793;"B"
-129,519664608447;-125,4138;83,6599;95,3401;-6,1339;-78,9435;-413,3648;"C"
-195,197657423584;-236,3196;111,9703;-73,4937;-150,5353;24,7237;-422,9392;"B"
-156,272240189732;-298,5718;107,243;4,1013;18,2095;21,4361;-407,3176;"C"
-371,541591992778;-325,792;150,8126;192,1599;-274,2898;103,7304;-499,3017;"A"
70,1752601869343;10,1155;-114,7054;299,2204;105,4177;-74,6222;384,4177;"C"
-59,9124475206245;108,468;177,5774;18,1974;-41,8003;32,3089;-677,7824;"C"
-243,006504482366;-268,1277;141,0372;-76,4838;-322,5466;-4,9304;-568,8609;"B"
-133,997718554041;-111,7199;36,7479;-178,6052;-215,381;174,9947;28,2214;"C"
-226,991770584654;-138,6105;148,2844;-97,0734;-191,6592;111,2858;-481,6335;"B"
-309,088599185011;-259,2344;81,8307;110,7584;-356,1058;176,8705;-150,234;"A"
-182,065109303221;-71,4331;267,1661;268,636;-226,3035;-98,1711;-1166,6172;"B"
-64,0331209845863;-259,9158;-159,2629;-144,7263;93,6176;17,9584;655,2283;"C"
-515,446040490107;-397,8405;489,1519;246,2959;-219,7805;-55,8912;-2012,2805;"A"
-57,4490042741888;-25,2729;140,0611;8,3305;-172,6988;129,3139;-430,7122;"C"
-358,936528462062;-270,5869;56,3079;-56,7557;-130,0567;-32,7252;-257,7385;"A"
-95,865347948599;-132,1749;-24,5952;-38,0543;-46,5117;10,2586;108,8577;"C"
-295,711700995158;-80,387;385,683;30,1748;-306,1882;-29,5925;-1572,1062;"A"
-118,753168715989;17,4152;182,9077;-43,917;-273,0424;-0,3951;-731,8076;"C"
-117,31188788518;-97,4986;165,9551;-66,3134;-131,3412;-49,7556;-713,3577;"C"
-397,074883507551;-423,7675;283,8744;27,654;-190,7023;-57,0432;-1192,3225;"A"
-33,0191790442914;-55,9031;210,1463;202,205;-93,468;111,5596;-728,8073;"C"
-361,941723221484;-228,7446;26,5345;207,4765;-384,7635;-216,8572;-322,7769;"A"
-578,568222547028;-477,9185;307,9594;184,8173;-385,7255;-31,6461;-1263,2654;"A"
-103,043225684213;-31,4922;135,682;191,4271;-31,0224;204,2717;-338,238;"C"
-418,553907256864;-307,4278;205,7842;-78,8715;-455,856;-263,9858;-1086,9043;"A"
-573,285965258532;-341,6841;293,8735;3,4109;-482,965;49,9461;-1125,3296;"A"
-271,022440467509;-310,1815;272,3349;214,7935;-105,6033;-123,4151;-1212,5364;"B"
-351,998995766095;-377,0942;169,4508;309,1242;-221,8267;-30,6523;-708,2372;"A"
29,5542122113652;123,2642;-15,2889;-211,2331;-30,9626;197,4902;258,8641;"C"
-320,040746341733;-338,9804;27,8669;-91,3835;-142,2325;70,3615;-40,8878;"A"
-352,529437205815;-382,9656;271,0255;108,9425;-234,8802;-281,1831;-1365,0668;"A"
-426,731756514179;-137,5142;-25,1932;-102,7726;-232,5922;-173,0054;-72,0143;"A"
-314,206740380198;-121,5945;216,6945;86,8146;-125,2279;-201,2622;-1067,8219;"A"
-40,6843797840326;-302,5019;-48,4508;165,5702;139,4794;-26,326;167,6955;"C"
-216,571381022338;-78,1893;135,9147;-99,4259;-168,255;-291,4398;-834,8803;NA
-209,971637158185;-104,6851;105,7869;71,666;-186,451;-196,6769;-619,6062;"B"
-199,767177991269;-199,0718;143,232;-55,4902;-130,5623;-82,3815;-655,0912;"B"
-361,550919095989;-351,5428;220,1283;7,374;-354,4101;-175,3622;-1055,6571;"A"
-485,671256255546;-424,8008;237,2807;-257,5967;-276,1086;36,3164;-912,5881;"A"
46,7239044014846;3,0146;-116,5361;56,256;107,6159;-70,6456;395,7171;"C"
-204,814595760471;-65,926;-63,6841;291,3057;-198,2285;-34,9265;220,0282;"B"
-470,540506453926;-160,7785;333,2027;182,0714;-205,0046;13,9661;-1318,6264;"A"
-281,201128983788;-256,9916;288,1299;-122,3256;-56,4211;198,1281;-954,1732;"B"
-271,12175714925;-249,0906;140,628;20,4857;-129,0915;-174,3891;-736,6828;"B"
-59,1088219176746;-127,6995;-67,2225;-117,9101;-62,2156;15,2581;284,3664;"C"
-473,186253503013;-211,0906;255,619;128,4925;-195,9011;-146,2512;-1168,5089;"A"
-263,436064740501;-149,7339;128,9915;249,0474;-229,1917;-93,2753;-609,023;"B"
-292,651428170524;-146,0255;35,9532;119,2983;-303,0809;30,602;-112,9925;"A"
-285,628971141966;-211,7042;158,5341;2,7282;-172,0111;-185,325;-819,2431;"A"
-123,143158211854;-40,2117;-0,0255;-375,7668;-207,1628;-48,9727;-48,6524;"C"
-242,411285449147;-29,0867;77,9701;454,4798;42,8737;-243,9056;-555,5677;"B"
-67,7532658801295;15,9803;0,2807;-274,9325;-16,2575;116,77;115,8655;"C"
-4,61302163687319;-116,4214;-35,9621;36,4565;-40,4798;-230,9315;-86,8648;"C"
-426,697292553023;-161,4754;166,8829;104,833;-202,1768;118,8268;-548,4865;"A"
-365,542024051927;-273,0901;305,6319;-87,9324;-282,2455;-22,6764;-1244,9857;"A"
-278,235323504296;-251,99;132,2745;326,6559;-179,2111;-205,0633;-733,943;"B"
-169,458082139421;-31,7005;106,5918;14,1815;-135,4554;309,2377;-116,9112;"B"
-104,460268502368;-275,7572;0,2646;-185,9984;4,9592;-24,0827;-24,9228;"C"
-344,055290746494;-49,2201;257,9825;95,5098;-422,6334;-245,3443;-1277,056;"A"
55,9221168762369;113,233;15,7496;16,5347;-24,1882;-89,1413;-151,9214;"C"
-313,850843133389;-292,4759;-74,0083;118,9912;-296,3436;251,8184;548,0699;"A"
-197,350763095333;-56,1654;-37,9344;-57,7481;-176,8645;-56,3835;95,5724;"B"
-116,910335893711;60,901;-109,7164;-75,4459;-164,4936;-27,8133;411,2706;"C"
-78,2249829107824;-12,6545;175,9908;-67,1692;-102,1133;218,6191;-485,1258;"C"
-92,3493674707301;40,9138;74,6631;-56,809;-127,892;-79,5995;-378,0336;"C"
-196,557468736936;-136,3066;69,8639;120,6175;-21,7921;209,4648;-69,7725;"B"
-275,26525353971;-125,1841;-128,4095;44,1608;-210,9255;59,0897;572,946;"B"
-234,888460305884;-143,74;-21,8563;-73,165;-112,7997;-139,8227;-52,1792;"B"
-532,650423052918;-304,708;457,4802;23,2962;-403,6114;145,4065;-1684,296;"A"
NA;-86,2372;162,2565;50,1097;-141,0871;-29,342;-678,1497;"C"
0,351758953786941;-154,3097;-61,4258;289,9742;-71,621;163,1695;409,091;"C"
-92,6711807433855;-43,4515;-278,3646;134,3508;-79,7555;85,7711;1199,4478;"C"
-273,10641605582;-31,3331;46,7296;187,0977;-247,5823;-30,1766;-216,8767;"B"
-232,587423613757;-244,4342;205,0123;-53,4996;-109,5306;45,5015;-774,3294;"B"
-323,983426976608;-354,5076;160,2963;-7,5925;-164,574;-32,9993;-673,9662;"A"
-492,712872940523;-293,8065;446,8623;-101,7732;-269,6533;-122,6253;-1909,8562;"A"
-265,961206319117;-98,0675;-25,195;150,931;-237,5962;-214,1924;-113,1941;"B"
-227,20344193786;-225,0156;244,8068;238,8592;-222,4531;-58,503;-1037,5119;"B"
-208,740504886124;-179,5129;284,597;60,6891;109,9172;169,7662;-968,4035;"B"
31,7263760773515;84,8765;-230,0544;-341,0666;101,7895;7,3923;927,8282;"C"
-15,2645877661904;23,2954;52,9988;166,6529;-21,1939;65,439;-146,3379;"C"
-534,04200493622;-216,8492;281,9688;-127,7364;-323,5128;-208,7022;-1336,3591;"A"
-150,005461466723;-296,9125;-17,1655;36,3575;-169,0186;-170,3429;-101,4626;"C"
-310,831947058048;-61,9757;105,4789;68,5206;-208,2618;55,7143;-365,983;"A"
-386,927615192878;-364,4765;339,7389;88,2395;-137,3031;96,4803;-1262,257;"A"
-411,762796235575;-241,2478;47,0677;-414,125830469448;-289,4136;-312,0063;-500,0588;"A"
-434,719644144259;-112,6928;245,7747;86,075;-437,8274;-63,324;-1046,2045;"A"
-150,146289955061;11,4353;248,4581;5,6993;-116,0799;337,7104;-655,9037;"C"
-488,471171774097;-88,8025;95,8654;-95,4701;-202,131;50,3023;-332,941;"A"
-193,615451724802;-191,8847;236,5217;33,134;-204,4496;144,4235;-801,445;"B"
4,26186924468078;33,2168;32,8166;-120,1953;85,5422;72,7349;-58,3132;"C"
-136,572644977992;59,9625;96,3478;60,4762;-37,3077;111,0242;-274,1487;"C"
-222,181813005064;-255,3539;2,8283;-27,3634;-255,3892;-3,2027;-14,2976;"B"
-269,65211401063;-147,4834;130,0967;91,5794;-317,0083;-105,5972;-625,7657;"B"
-183,978659303734;13,9215;34,2591;-121,1645;-218,8391;116,8483;-19,9698;"B"
-341,155710453294;-99,5101;0,6631;3,3428;-87,8724;160,6609;158,2268;"A"
-304,53796882673;-171,7335;257,7436;-54,7395;-230,847;272,5759;-758,1802;"A"
-420,575503986941;-299,8296;-35,3329;177,6905;-393,0327;0,837;142,3869;"A"
-134,487279432443;-175,9604;46,8068;-128,9583;20,2433;266,4351;79,4262;"C"
-144,492341377279;-79,7866;154,0205;253,2725;62,5567;-57,332;-673,1957;"C"
-209,377534372729;-55,016;177,808;-6,6364;-162,9695;-54,9179;-765,9316;"B"
-177,543908224271;71,1001;369,2332;72,4424;-226,2698;20,046;-1456,6685;"B"
-119,632867876363;-146,2101;-12,2457;-199,0223;63,4404;-195,9976;-146,7965;"C"
-271,616998046451;-125,3726;259,3297;94,6314;-84,7826;-149,4909;-1186,5914;"B"
-96,360688683825;-74,3177;-139,3793;62,3335;-8,5215;0,9222;558,6577;"C"
-185,635833506014;-137,4684;91,7244;-119,3368;-140,875;-120,1281;-486,8074;"B"
-225,204415795683;-285,7003;254,7266;2,378;-190,9629;-62,9201;-1081,6082;"B"
-225,463936210289;-194,8701;-160,4332;106,957;-241,9132;-106,0911;535,86;"B"
-165,99644625548;-212,6973;42,2983;35,5487;-145,6749;-34,5117;-203,4866;"C"
-414,044164189061;-332,6168;151,8708;78,3995;-327,8307;-291,141;-898,4059;"A"
14,2188224492227;39,3176;-121,6864;130,8774;-26,3063;-164,998;321,9659;"C"
-332,07032536048;-78,8709;512,4761;-209,7959;-143,0861;-51,9357;-2101,6218;"A"
-228,129484501208;-149,64;139,0763;65,4157;-86,7723;-157,9195;-714,0064;"B"
-135,903809104928;-170,3712;-194,1942;52,4479;-108,3281;-113,5673;663,4278;"C"
-253,753891178041;4,5129;-25,2472;80,6032;-326,2003;-21,5874;79,6197;"B"
-230,633416534846;-122,6835;-15,8606;231,3049;-196,094;-42,7658;20,8949;"B"
-254,022561326564;-315,7572;226,3459;-246,4086;-149,4137;260,6332;-644,5321;"B"
-29,702908696967;-188,4789;98,0417;-167,8012;-49,2645;167,5895;-224,359;"C"
-458,286803879721;-237,3675;337,1873;86,3353;-384,381;-93,0598;-1441,5907;"A"
-320,529898893268;-1,3196;292,6946;159,1808;-359,3062;-290,4719;-1461,032;"A"
-381,583977404772;-401,6752;306,7469;7,1201;-270,0483;-182,8326;-1409,6019;"A"
-355,136719708578;-61,0754;230,5162;88,9453;-238,4142;-192,0758;-1113,9223;"A"
-182,709700687749;-170,9225;-27,1179;191,4697;-300,5418;125,5758;234,2657;"B"
-119,792297535706;2,9842;153,6267;-154,3346;-63,5808;-27,4825;-641,771;"C"
-192,061025088936;14,3748;-139,261;-176,712;-130,9714;-96,2791;460,9832;"B"
-105,532030049849;-279,0048;36,2053;86,114;-106,5276;217,2812;72,6783;"C"
-326,396283377372;-207,566;-47,8105;54,3276;-353,885;38,2403;229,7006;"A"
-246,86665001043;-278,2614;62,138;37,9035;-205,2308;-20,1085;-268,4422;"B"
-2,08865058269308;42,8196;-156,8661;-161,9466;26,3811;-7,6486;620,0341;"C"
-251,884144309927;-204,738;4,1045;NA;-347,1869;-51,1112;-67,3109;"B"
-214,773313803946;40,3637;235,0124;242,3931;-123,7797;399,68466938962;-1110,9832;"B"
-290,874338893373;-270,985;-20,4697;136,8755;-303,3078;-202,5426;-120,4455;"A"
-193,022599017539;14,9014;74,1849;-6,467;-261,4973;NA;-472,0641;"B"
-194,414731973242;-20,9073;-116,9329;136,7556;-82,4933;-218,9798;248,9701;"B"
-47,57789233279;-191,2722;73,0647;310,211;-82,9409;157,5833;-134,4572;"C"
-408,769042255703;-344,174;317,0393;189,6382;-24,7729;-105,2632;-1373,2021;"A"
-43,4073712967667;-129,2694;-94,5486;219,3941;-83,3077;-31,2644;347,1483;"C"
-261,685123123069;-213,2774;303,3026;249,07;-295,5981;-214,2373;-1427,2294;"B"
62,5061904714216;-14,5492;71,3598;-119,7104;90,2466;-96,5673;-381,7882;"C"
-283,458959456716;-210,482;128,1952;144,43;-261,604;-289,5521;-802,1146;"B"
-282,41109768544;-117,0895;101,6847;-224,5777;-450,9914;163,027;-243,4935;"B"
-124,487260726122;-165,7079;553,74278896441;-138,8543;-190,8814;158,7419;-488,9678;"C"
-246,612897261177;-125,9234;-153,2426;-133,636;-249,7276;-3,7155;609,4732;"B"
-158,479892067215;-64,0976;48,2263;64,5309;-98,1492;164,4197;-28,2672;"C"
-375,8737524039;2,3984;275,1232;-44,4844;-247,0427;91,259;-1009,0155;"A"
-334,220799904416;-202,6588;152,3489;-176,0015;-555,0632;5,1367;-604,0406;"A"
-343,388813948066;-171,1474;155,0797;196,3307;-503,4083;-127,1168;-747,2173;"A"
-222,525335271633;22,2528;-72,7186;147,6378;-205,3885;-18,7433;272,3494;"B"
-16,6763749367079;-36,7107;22,9989;-14,6394;72,7326;-74,289;-166,0663;"C"
-201,219008030129;7,0843;-98,6255;51,7738;-189,0633;108,7698;503,4901;"B"
-365,97237731628;-227,8404;300,4597;15,8488;-320,3613;191,4932;-1010,1273;"A"
-13,8790472895841;277,0013;144,3713;12,5791;59,2421;108,1979;-469,069;"C"
-172,930712105352;-159,1888;-88,1237;-19,3405;-101,4208;-130,5963;222,1168;"B"
-452,437335803631;-253,5087;139,9473;75,1895;-397,6483;-145,0881;-704,659;"A"
-269,058254802745;-106,3327;-56,2643;7,4334;30,0761;-87,2852;137,9903;"B"
-408,92540628633;-353,5392;52,4679;43,3457;-266,0897;113,6911;-95,9622;"A"
-93,7877768524214;51,6151;6,9455;-48,0697;-27,5947;72,6422;45,0785;"C"
-100,493298550289;-70,162;-143,5608;211,4202;-56,7888;-10,7857;563,6758;"C"
-43,5935234944341;173,2437;-15,6193;86,5563;-29,6212;0,9585;63,654;"C"
-308,277602026218;-234,6009;70,8967;230,1298;-326,1936;6,511;-276,8575;"A"
-237,156839682768;-123,814;189,3989;120,6732;-182,0857;-157,3089;-914,6862;"B"
-289,290514733962;-121,8553;59,698;54,1471;-225,0952;178,1638;-60,4099;"A"
-296,385184652252;-266,6922;170,8701;-220,2048;-68,6608;-103,3609;-786,623;"A"
-83,3052379812719;-64,8659;-211,3246;-128,9941;-135,8683;256,5871;1102,1038;"C"
-232,666238555434;-195,7187;-167,0141;-13,6747;-266,9633;294,7206;962,9953;"B"
-249,056320671391;37,9034;417,0287;298,0249;-107,7886;181,9398;-1485,9567;"B"
-334,230504174287;-232,4056;145,2103;128,7938;-186,2515;-3,8067;-584,4296;"A"
-91,8627143527631;-33,5499;-78,0467;329,6988;-37,6399;128,4689;440,874;"C"
-70,5459455892389;-82,8109;43,8972;15,2696;14,1092;9,5818;-165,7887;"C"
-221,299526609784;-167,8512;226,2684;-31,2369;-230,7065;120,1952;-784,6601;"B"
-299,561566595468;-180,842;163,6665;61,8649;-95,0481;-94,9839;-749,4316;"A"
113,774383414101;192,4774;124,1633;-31,9203;-42,3535;134,5948;-361,8401;"C"
-403,846048998788;-158,971;331,3876;58,025;-306,8261;-168,0071;-1493,3392;"A"
-303,499657981913;-208,9715;291,6832;43,1112;-185,5657;10,5621;-1155,9524;"A"
-552,595024152296;-380,0964;143,1746;41,9765;-498,2586;-71,5527;-644,0328;"A"
-89,3763732376797;-29,1088;-30,1722;-274,6567;-87,8147;-44,6948;76,2123;"C"
11,7142025698739;-127,3685;23,1528;49,8917;-115,7307;92,507;0,114100000000008;"C"
-17,6274822976402;-101,9935;-55,1037;173,5753;-1,1142;-288,0674;-67,4343;"C"
-316,9182418201;-295,0696;95,6943;155,1844;-408,5367;401,52223652479;-296,2795;"A"
-128,507686708649;-59,9199;193,3962;-242,6561;-176,3327;-75,2371;-848,6036;"C"
-499,364062479908;-290,3581;203,5064;63,2609;-385,7061;-46,3744;-860,1817;"A"
-178,185645448864;-58,0609;-67,164;269,2018;-82,6373;75,5068;344,3811;"B"
-15,8136952656328;2,5797;-20,0695;-149,2408;6,9366;56,1299;136,6262;"C"
-236,965336119258;-111,6473;128,5021;331,0431;68,826;58,8999;-454,8902;"B"
-185,439203610185;-251,7672;213,46;211,4493;-269,4322;-208,8699;-1062,4916;"B"
-179,958649206199;24,3256;-329,5327;-75,7418;-272,3617;102,8528;1421,2019;"B"
-81,5714185219499;-363,1127;36,3152;-125,456;102,1887;33,3492;-111,6933;"C"
-272,608224263963;-123,7935;-46,0803;275,7628;-144,6731;-75,7879;108,7516;"B"
-29,7085336403711;-39,5337;-132,2835;82,9718;141,9702;-85,5138;443,8385;"C"
-178,651703719659;-94,531;283,158;-218,8966;-10,462;-66,9971;-1199,4108;"B"
-531,261248178555;-512,5698;263,4493;99,9474;-269,9444;-73,1714;-1126,7503;"A"
54,1507329432862;-62,9377;58,7728;-126,2312;-22,2089;-17,5306;-252,4035;"C"
-273,268487346832;-98,7854;287,5553;117,6609;-148,7619;-124,7027;-1274,7056;"B"
-126,058616557515;174,0449;103,4204;-64,7886;-32,214;-43,9106;-457,3739;"C"
-431,909868833599;-237,6188;255,3263;82,4103;-299,6065;-454,4267;-1475,5136;"A"
-245,430711644;-188,7725;124,4319;-254,0275;-162,9221;-154,5069;-652,0162;"B"
-454,626726147215;-106,0513;298,0066;-14,1949;-316,0308;-41,3097;-1233,1178;"A"
-363,697739546754;-209,5721;168,1459;-8,6561;-421,1177;159,3454;-513,0199;"A"
-204,581044408911;64,0134;-107,4857;-42,5096;-38,8042;-4,5344;425,6267;"B"
123,982355147713;113,6726;98,1226;250,1594;136,5571;-92,2488;-484,5209;"C"
-170,605958422349;-156,3258;173,0891;-131,4119;-73,945;-118,5352;-810,6733;"B"
-394,815182610317;-102,2003;104,5358;156,3639;-227,8218;-239,3312;-657,2561;"A"
-276,648325028548;-268,6161;349,7931;121,7256;-142,8609;208,3364;-1190,6177;"B"
-176,386560844926;-262,1098;25,5394;8,997;-108,6219;-159,8098;-261,7491;"B"
-245,799881887154;-262,4437;88,4793;-126,9846;-182,0974;-163,3241;-517,023;"B"
-269,409213652305;-378,8729;43,1894;-14,5443;-361,3138;-80,5307;-253,07;"B"
-288,488316558488;-115,7789;-9,2431;233,6356;-164,0794;-126,7429;-89,5522;"A"
-271,215948350212;-37,9334;-13,4654;196,3084;-313,2953;-266,3547;-212,2748;"B"
-59,0562026879867;-22,9452;162,1019;206,041;97,914;166,1535;-482,0358;"C"
-252,423984180989;-165,6822;239,298;39,8733;-82,8146;-144,1327;-1101,1064;"B"
7,47943696978012;-18,8787;115,2657;-153,1811;-5,8011;-44,105;-504,9495;"C"
-77,9648646489018;2,6589;-186,4626;-59,6162;135,4704;-30,9899;715,0788;"C"
-302,232117815005;-281,5294;-37,689;210,4351;-230,622;-161,6721;-10,6978;"A"
-200,515257509843;-195,4451;152,7538;-67,1299;-287,9646;-83,2119;-694,0088;"B"
-174,71581044563;-80,7769;195,6171;-133,7438;-48,3641;101,1272;-681,1229;"B"
-232,344039610903;-83,6559;101,9543;7,7068;-276,0409;338,7132;-68,8857;"B"
-528,650409494732;-282,3861;172,5529;4,345;-383,171;-73,7162;-763,7095;"A"
-89,4828005664238;-15,0372;42,7335;166,5831;40,0241;42,6289;-128,0868;"C"
-244,561898627368;-271,8339;167,0279;29,8123;-106,0205;-234,6223;-902,5156;"B"
-245,0694535219;-444,3443;234,2991;81,2017;-58,2776;-45,0517;-982,0298;"B"
-381,20122440791;-210,1054;265,2747;170,0398;-270,2351;-38,2349;-1099,1154;"A"
-149,772568156711;-211,8478;-16,528;15,4096;-170,736;-104,7836;-38,4533;"C"
-404,082998256911;-451,0989;293,5513;-166,66;-272,1034;-254,4042;-1428,3911;"A"
-124,920893108318;-116,1618;-175,1397;133,7189;24,4584;-85,2772;615,4999;"C"
-257,460760348666;-89,5773;28,3306;179,1482;-138,1035;-221,8438;-334,9479;"B"
-85,3594607804236;-148,6021;138,6299;42,9452;-105,1101;-114,9435;-669,2448;"C"
-52,6304939382851;-134,6235;53,8116;-237,2703;-31,3944;85,4158;-129,6123;"C"
-344,423531787467;-261,2296;214,7306;39,7574;-264,5349;-201,8214;-1060,5255;"A"
-499,384871055856;-209,275;369,8269;-17,808;-375,4386;-95,9689;-1575,0582;"A"
-200,757224168097;-200,3419;108,8332;12,4781;-231,1403;23,0176;-412,0969;"B"
-418,285846428936;-191,3978;-40,7613;139,9576;-489,1498;-358,0439;-194,7804;"A"
-185,049212972841;-142,5944;7,9865;180,2317;-192,9885;-148,6839;-180,4116;"B"
-252,88570149175;-99,3668;183,4662;-175,3732;-262,2981;-137,7614;-871,4079;"B"
-217,763083451528;-115,763;117,7924;-72,3042;-228,1725;-474,9368;-945,8881;"B"
-255,681044093282;-434,5674;420,6747;-73,5557;-15,6117;124,0515;-1558,429;"B"
-37,140047269859;-78,1948;135,5665;206,779;-219,8232;-89,5058;-631,5535;"C"
-222,099776197741;-120,5287;-12,8454;-95,9094;-233,9135;60,3672;111,9671;"B"
-189,155942146713;-136,2895;238,1407;-27,1709;-286,0091;-116,4138;-1068,7583;"B"
-289,948127515392;-275,4869;461,7407;17,3191;-196,2544;-108,2275;-1954,972;"A"
-246,67256781596;-251,7197;119,3454;126,541;-76,3516;33,8322;-443,3311;"B"
-107,576814005532;-96,0503;-56,7377;-10,713;-48,6202;4,4447;231,6138;"C"
-236,128202193733;56,7982;179,103;132,4444;-182,4311;-4,1489;-720,3426;"B"
-89,6125397463095;-140,6685;7,8378;-22,2093;-130,4754;-79,6372;-110,7701;"C"
-252,068824328969;-14,4622;-5,8327;138,0012;-154,2916;-175,4198;-151,8707;"B"
-374,411437539517;-73,6345;136,7754;220,0958;-66,4694;-126,9679;-673,8512;"A"
-245,780385732845;-192,5903;364,2318;-110,9604;-4,6681;48,5054;-1408,2035;"B"
-124,040591353564;-161,6046;232,2803;111,2909;-22,0599;-290,5216;-1219,4245;"C"
-358,940574135073;-12,362;-34,6704;-115,3711;-211,2832;-61,5371;77,3628;"A"
-298,205695581959;-225,8046;79,087;43,4053;-77,6591;-40,9205;-357,0502;"A"
-239,431289895632;38,7624;11,6883;-8,0732;-253,7373;-25,8096;-72,3445;"B"
-80,1946814827157;-217,7018;-1,0471;173,3956;-33,4804;-206,0315;-201,6248;"C"
-239,084198922515;-136,4282;258,4914;-166,0812;-153,2623;99,3237;-934,4236;"B"
-169,377832707354;-45,4645;152,9591;97,0822;-170,9109;NA;-474,2361;"B"
-283,598498885137;-317,9485;337,7753;222,204;-150,8047;-100,0179;-1450,9008;"B"
-144,911663516835;-177,739;66,3881;78,2042;-99,779;-250,8553;-516,1894;"C"
-381,455971335268;-126,9162;52,1954;197,5556;-267,2147;-68,5425;-277,1058;"A"
-232,765082540205;-178,2842;176,3953;123,2983;-188,9804;-117,7297;-823,0926;"B"
-74,0468012401536;-162,6966;66,9533;80,17;-123,3315;-255,4435;-523,0384;"C"
-136,551527032602;-148,0484;-13,3881;-212,0388;-236,2191;-123,0378;-69,2671;"C"
-160,076272349531;76,2884;68,9772;84,0646;-6,1863;-40,7093;-316,3998;"C"
-125,3808252442;45,0561;161,5486;74,633;-160,2832;122,3335;-523,6426;"C"
-122,746630451299;-32,0555;169,6469;67,0019;-139,4966;-176,6887;-855,058;"C"
-210,677735836552;-212,8644;265,8353;205,4474;3,6932;193,703;-869,4199;"B"
-240,684481766919;-20,4647;125,9419;21,6498;-336,6896;-130,3278;-633,8771;"B"
-291,946860163289;-310,0298;369,226;-17,8985;-231,1161;-233,5077;-1710,1934;"A"
-262,07814368497;-54,5472;193,7096;-190,6402;-73,5432;101,2238;-673,3963;"B"
-404,863902693849;-286,7182;307,6343;-42,8444;-348,6144;88,1818;-1142,1371;"A"
77,8061997287618;207,9266;-182,2638;-261,0129;143,1736;-24,5742;704,6993;"C"
-193,112809027346;-285,4433;160,8335;-108,6055;-100,9603;59,8356;-583,2801;"B"
-438,968421916856;-392,4931;224,7758;207,5197;-251,8566;-76,8793;-975,7642;"A"
-295,020273904754;-159,3336;6,3082;-34,4664;-170,1497;-81,8592;-106,8737;"A"
-285,213987917259;-208,4483;186,5878;-121,986;-216,6827;-124,1235;-870,2564;"A"
-274,339912267057;-229,9142;25,1261;-70,7627;-95,5627;-8,1102;-108,3963;"B"
-207,647709477133;-89,17;129,825;-33,7499;-94,3737;109,5332;-409,5485;"B"
-61,7476064244143;35,8509;91,627;-145,6157;-213,9256;29,5628;-336,7269;"C"
-530,856013288848;-420,526;237,7981;-117,5805;-514,279;204,6312;-746,3429;"A"
-109,799237273039;-33,5414;-21,1883;474,28065057762;112,959;-96,0105;-11,039;"C"
-233,538952005949;-108,3665;60,3785;93,4819;-27,007;118,765;-122,5307;"B"
-92,68681476298;-100,5772;62,3388;-111,9129;-146,9014;-13,5226;-262,6595;"C"
-231,515118651525;-113,3827;157,1543;-301,4664;-320,5715;108,1962;-520,2027;"B"
-249,075565339391;-19,5772;314,197;76,6158;-148,5952;-163,8286;-1420,3983;"B"
-301,473728223565;-189,9901;215,041;-233,8457;-266,7486;-95,8266;-955,7723;"A"
-269,554805419146;-246,3466;116,4795;-83,2752;-99,936;-74,284;-539,9837;"B"
-227,005865076831;-6,33;202,1964;-82,9772;-183,8238;316,2537;-492,3136;"B"
-122,372034282755;-24,2421;-155,0408;-242,8681;-153,226;102,3077;722,6892;"C"
-194,233785627998;-107,2712;-95,728;-163,8079;-87,7735;150,3137;533,444;"B"
-166,117444101101;-87,2186;-16,5673;231,3485;-99,1443;196,2182;262,7057;"C"
-547,530665793626;-239,567;328,7436;400,5464;-292,7798;58,4723;-1256,2838;"A"
-262,187240245341;-161,1497;-65,718;-91,8368;-234,9798;-215,6014;47,4889;"B"
-128,291328483877;-82,2959;80,2497;-59,5756;-249,9271;-113,7289;-434,5094;"C"
-189,151689709336;-107,5571;228,4582;65,878;-134,8892;-156,0087;-1069,6232;"B"
-282,954985804441;-117,5771;7,6231;-9,7735;-386,8659;187,7965;157,5224;"B"
-354,286514705733;-67,7027;340,0293;220,5459;-195,3704;-167,1673;-1527,0662;"A"
-446,546768319641;-387,7936;212,2885;-133,3411;-261,3085;-203,3539;-1052,2896;"A"
-321,243680756014;-187,0906;83,9082;75,5331;-207,3691;-165,47;-500,8845;"A"
-272,195981086547;-242,2819;-26,7283;-38,4569;-261,5755;-98,5131;8,61840000000001;"B"
-272,463351720546;-43,5284;115,2588;9,8529;-251,5821;321,0294;-139,7875;"B"
-52,2481666450836;-28,8958;22,0696;128,8535;-41,434;21,5247;-66,5354;"C"
-297,201511333712;-17,4759;142,9614;52,5764;-312,1283;-92,3031;-663,9304;"A"
-136,498330752766;-74,0149;147,3089;54,5202;-152,5588;-75,9358;-664,9531;"C"
-185,841264684782;-184,7076;133,5454;-200,3403;-174,7766;-85,905;-619,8683;"B"
-512,764758769226;-499,0398;401,6704;198,1034;-231,4263;-148,4935;NA;"A"
-67,8429431587276;44,0409;-27,8188;40,5798;-270,3374;-63,9734;47,5201;"C"
-204,744031889889;-147,305;149,3617;-96,0229;-127,7012;-4,4961;-601,7246;"B"
-333,063382557235;-158,2102;237,5197;-141,2739;-230,6633;-124,3931;-1074,2536;"A"
-104,775839618255;35,6567;179,814;-90,4919;-85,1797;-121,0119;-840,0496;"C"
-183,172905710736;-200,3789;13,6929;105,7142;-203,5557;-61,5269;-116,0802;"B"
